/*
 Navicat Premium Data Transfer

 Source Server         : forbishesms
 Source Server Type    : MySQL
 Source Server Version : 80042 (8.0.42)
 Source Host           : localhost:3306
 Source Schema         : sms

 Target Server Type    : MySQL
 Target Server Version : 80042 (8.0.42)
 File Encoding         : 65001

 Date: 21/04/2026 12:58:02
*/

SET NAMES utf8mb4;
SET FOREIGN_KEY_CHECKS = 0;

-- ----------------------------
-- Table structure for academic_year
-- ----------------------------
DROP TABLE IF EXISTS `academic_year`;
CREATE TABLE `academic_year`  (
  `id` int NOT NULL AUTO_INCREMENT COMMENT 'õĖ╗ķö«ID',
  `year` varchar(20) CHARACTER SET utf8mb4 COLLATE utf8mb4_0900_ai_ci NOT NULL COMMENT 'ÕŁ”Õ╣┤’╝īÕ”é 2024-2025',
  `semester` int NOT NULL COMMENT 'ÕŁ”µ£¤’╝Ü1-ń¼¼õĖĆÕŁ”µ£¤’╝ī2-ń¼¼õ║īÕŁ”µ£¤',
  `start_date` date NULL DEFAULT NULL COMMENT 'ÕŁ”µ£¤Õ╝ĆÕ¦ŗµŚźµ£¤',
  `end_date` date NULL DEFAULT NULL COMMENT 'ÕŁ”µ£¤ń╗ōµØ¤µŚźµ£¤',
  `selection_start` datetime NULL DEFAULT NULL COMMENT 'ķĆēĶ»ŠÕ╝ĆÕ¦ŗµŚČķŚ┤',
  `selection_end` datetime NULL DEFAULT NULL COMMENT 'ķĆēĶ»Šń╗ōµØ¤µŚČķŚ┤',
  `status` int NULL DEFAULT 1 COMMENT 'ńŖČµĆü’╝Ü0-µ£¬Õ╝ĆÕÉ»’╝ī1-Ķ┐øĶĪīõĖŁ’╝ī2-ÕĘ▓ń╗ōµØ¤',
  PRIMARY KEY (`id`) USING BTREE,
  UNIQUE INDEX `uk_year_semester`(`year` ASC, `semester` ASC) USING BTREE
) ENGINE = InnoDB AUTO_INCREMENT = 3 CHARACTER SET = utf8mb4 COLLATE = utf8mb4_0900_ai_ci COMMENT = 'ÕŁ”Õ╣┤ÕŁ”µ£¤ĶĪ©' ROW_FORMAT = Dynamic;

-- ----------------------------
-- Records of academic_year
-- ----------------------------
INSERT INTO `academic_year` VALUES (1, '2024-2025', 1, '2024-09-01', '2025-01-15', '2024-08-01 00:00:00', '2024-08-31 23:59:59', 2);
INSERT INTO `academic_year` VALUES (2, '2024-2025', 2, '2025-02-20', '2025-07-15', '2025-02-01 00:00:00', '2025-02-28 23:59:59', 0);

-- ----------------------------
-- Table structure for activity_log
-- ----------------------------
DROP TABLE IF EXISTS `activity_log`;
CREATE TABLE `activity_log`  (
  `id` int NOT NULL AUTO_INCREMENT,
  `operate_time` datetime NOT NULL,
  `operate_type` varchar(50) CHARACTER SET utf8mb4 COLLATE utf8mb4_unicode_ci NOT NULL,
  `operate_user` varchar(50) CHARACTER SET utf8mb4 COLLATE utf8mb4_unicode_ci NOT NULL,
  `description` varchar(500) CHARACTER SET utf8mb4 COLLATE utf8mb4_unicode_ci NOT NULL,
  `user_type` varchar(20) CHARACTER SET utf8mb4 COLLATE utf8mb4_unicode_ci NOT NULL,
  PRIMARY KEY (`id`) USING BTREE,
  INDEX `idx_operate_time`(`operate_time` ASC) USING BTREE
) ENGINE = InnoDB AUTO_INCREMENT = 48 CHARACTER SET = utf8mb4 COLLATE = utf8mb4_unicode_ci ROW_FORMAT = Dynamic;

-- ----------------------------
-- Records of activity_log
-- ----------------------------
INSERT INTO `activity_log` VALUES (1, '2026-04-19 17:06:31', 'ńÖ╗ÕĮĢ', '20240101001', 'ÕŁ”ńö¤ 20240101001 ńÖ╗ÕĮĢń│╗ń╗¤', 'STUDENT');
INSERT INTO `activity_log` VALUES (2, '2026-04-19 18:54:46', 'ńÖ╗ÕĮĢ', 'T2024001', 'µĢÖÕĖł T2024001 ńÖ╗ÕĮĢń│╗ń╗¤', 'TEACHER');
INSERT INTO `activity_log` VALUES (3, '2026-04-19 19:16:16', 'ńö©µłĘ', 'admin', 'õ┐«µö╣ń«ĪńÉåÕæś admin ńÜäõ┐Īµü»', 'ADMIN');
INSERT INTO `activity_log` VALUES (4, '2026-04-19 19:33:35', 'ńÖ╗ÕĮĢ', 'T2024002', 'µĢÖÕĖł T2024002 ńÖ╗ÕĮĢń│╗ń╗¤', 'TEACHER');
INSERT INTO `activity_log` VALUES (5, '2026-04-19 19:33:54', 'ńÖ╗ÕĮĢ', 'T2024001', 'µĢÖÕĖł T2024001 ńÖ╗ÕĮĢń│╗ń╗¤', 'TEACHER');
INSERT INTO `activity_log` VALUES (6, '2026-04-19 19:36:14', 'ńÖ╗ÕĮĢ', 'T2024001', 'µĢÖÕĖł T2024001 ńÖ╗ÕĮĢń│╗ń╗¤', 'TEACHER');
INSERT INTO `activity_log` VALUES (7, '2026-04-19 19:36:43', 'ķĆēĶ»Š', '20240101001', 'ÕŁ”ńö¤ 20240101001 ńö│Ķ»ĘķĆēĶ»Š', 'STUDENT');
INSERT INTO `activity_log` VALUES (8, '2026-04-19 19:37:12', 'ķĆēĶ»Š', '20240101001', 'ÕŁ”ńö¤ 20240101001 ńö│Ķ»ĘķĆēĶ»Š', 'STUDENT');
INSERT INTO `activity_log` VALUES (9, '2026-04-19 19:37:20', 'ķĆēĶ»Š', '20240101001', 'ÕŁ”ńö¤ 20240101001 ńö│Ķ»ĘķĆēĶ»Š', 'STUDENT');
INSERT INTO `activity_log` VALUES (10, '2026-04-19 19:37:25', 'ķĆēĶ»Š', '20240101001', 'ÕŁ”ńö¤ 20240101001 ńö│Ķ»ĘķĆēĶ»Š', 'STUDENT');
INSERT INTO `activity_log` VALUES (11, '2026-04-19 19:38:28', 'ķĆēĶ»Š', 'admin', 'µē╣ÕćåķĆēĶ»Šńö│Ķ»Ę', 'ADMIN');
INSERT INTO `activity_log` VALUES (12, '2026-04-19 19:38:28', 'ķĆēĶ»Š', 'admin', 'µē╣ÕćåķĆēĶ»Šńö│Ķ»Ę', 'ADMIN');
INSERT INTO `activity_log` VALUES (13, '2026-04-19 19:38:29', 'ķĆēĶ»Š', 'admin', 'µē╣ÕćåķĆēĶ»Šńö│Ķ»Ę', 'ADMIN');
INSERT INTO `activity_log` VALUES (14, '2026-04-19 19:38:29', 'ķĆēĶ»Š', 'admin', 'µē╣ÕćåķĆēĶ»Šńö│Ķ»Ę', 'ADMIN');
INSERT INTO `activity_log` VALUES (15, '2026-04-19 19:39:21', 'µłÉń╗®', 'admin', 'õĖ║ÕŁ”ńö¤µĘ╗ÕŖĀĶ»Šń©ŗµłÉń╗®', 'ADMIN');
INSERT INTO `activity_log` VALUES (16, '2026-04-19 19:44:33', 'ķĆēĶ»Š', '20240101001', 'ÕŁ”ńö¤ 20240101001 ńö│Ķ»ĘķĆēĶ»Š', 'STUDENT');
INSERT INTO `activity_log` VALUES (17, '2026-04-19 19:44:52', 'ķĆēĶ»Š', 'admin', 'µē╣ÕćåķĆēĶ»Šńö│Ķ»Ę', 'ADMIN');
INSERT INTO `activity_log` VALUES (18, '2026-04-19 19:45:21', 'µłÉń╗®', 'admin', 'õĖ║ÕŁ”ńö¤µĘ╗ÕŖĀĶ»Šń©ŗµłÉń╗®', 'ADMIN');
INSERT INTO `activity_log` VALUES (19, '2026-04-19 19:45:53', 'µłÉń╗®', 'admin', 'õĖ║ÕŁ”ńö¤µĘ╗ÕŖĀĶ»Šń©ŗµłÉń╗®', 'ADMIN');
INSERT INTO `activity_log` VALUES (20, '2026-04-19 19:46:06', 'ķĆēĶ»Š', '20240101001', 'ÕŁ”ńö¤ 20240101001 ńö│Ķ»ĘķĆēĶ»Š', 'STUDENT');
INSERT INTO `activity_log` VALUES (21, '2026-04-19 19:46:08', 'ķĆēĶ»Š', '20240101001', 'ÕŁ”ńö¤ 20240101001 ńö│Ķ»ĘķĆēĶ»Š', 'STUDENT');
INSERT INTO `activity_log` VALUES (22, '2026-04-19 19:46:12', 'ķĆēĶ»Š', 'admin', 'µē╣ÕćåķĆēĶ»Šńö│Ķ»Ę', 'ADMIN');
INSERT INTO `activity_log` VALUES (23, '2026-04-19 19:46:13', 'ķĆēĶ»Š', 'admin', 'µē╣ÕćåķĆēĶ»Šńö│Ķ»Ę', 'ADMIN');
INSERT INTO `activity_log` VALUES (24, '2026-04-19 19:50:22', 'ķĆēĶ»Š', '20240101001', 'ÕŁ”ńö¤ 20240101001 ńö│Ķ»ĘķĆēĶ»Š', 'STUDENT');
INSERT INTO `activity_log` VALUES (25, '2026-04-19 19:50:23', 'ķĆēĶ»Š', '20240101001', 'ÕŁ”ńö¤ 20240101001 ńö│Ķ»ĘķĆēĶ»Š', 'STUDENT');
INSERT INTO `activity_log` VALUES (26, '2026-04-19 19:50:32', 'ķĆēĶ»Š', 'admin', 'µē╣ÕćåķĆēĶ»Šńö│Ķ»Ę', 'ADMIN');
INSERT INTO `activity_log` VALUES (27, '2026-04-19 19:50:33', 'ķĆēĶ»Š', 'admin', 'µē╣ÕćåķĆēĶ»Šńö│Ķ»Ę', 'ADMIN');
INSERT INTO `activity_log` VALUES (28, '2026-04-19 20:07:57', 'ķĆēĶ»Š', '20240101001', 'ÕŁ”ńö¤ 20240101001 ńö│Ķ»ĘķĆēĶ»Š', 'STUDENT');
INSERT INTO `activity_log` VALUES (29, '2026-04-19 20:07:59', 'ķĆēĶ»Š', '20240101001', 'ÕŁ”ńö¤ 20240101001 ńö│Ķ»ĘķĆēĶ»Š', 'STUDENT');
INSERT INTO `activity_log` VALUES (30, '2026-04-19 20:08:12', 'ķĆēĶ»Š', 'admin', 'µē╣ÕćåķĆēĶ»Šńö│Ķ»Ę', 'ADMIN');
INSERT INTO `activity_log` VALUES (31, '2026-04-19 20:08:12', 'ķĆēĶ»Š', 'admin', 'µē╣ÕćåķĆēĶ»Šńö│Ķ»Ę', 'ADMIN');
INSERT INTO `activity_log` VALUES (32, '2026-04-19 20:08:54', 'µłÉń╗®', 'admin', 'õ┐«µö╣ÕŁ”ńö¤Ķ»Šń©ŗµłÉń╗®', 'ADMIN');
INSERT INTO `activity_log` VALUES (33, '2026-04-19 20:10:22', 'ķĆēĶ»Š', '20240101001', 'ÕŁ”ńö¤ 20240101001 ńö│Ķ»ĘķĆēĶ»Š', 'STUDENT');
INSERT INTO `activity_log` VALUES (34, '2026-04-19 20:10:29', 'ķĆēĶ»Š', '20240101001', 'ÕŁ”ńö¤ 20240101001 ńö│Ķ»ĘķĆēĶ»Š', 'STUDENT');
INSERT INTO `activity_log` VALUES (35, '2026-04-19 20:10:38', 'ķĆēĶ»Š', 'admin', 'µŗÆń╗ØķĆēĶ»Šńö│Ķ»Ę', 'ADMIN');
INSERT INTO `activity_log` VALUES (36, '2026-04-19 20:10:38', 'ķĆēĶ»Š', 'admin', 'µŗÆń╗ØķĆēĶ»Šńö│Ķ»Ę', 'ADMIN');
INSERT INTO `activity_log` VALUES (37, '2026-04-19 21:16:41', 'ńÖ╗ÕĮĢ', '20240101001', 'ÕŁ”ńö¤ 20240101001 ńÖ╗ÕĮĢń│╗ń╗¤', 'STUDENT');
INSERT INTO `activity_log` VALUES (38, '2026-04-19 21:20:33', 'ńÖ╗ÕĮĢ', '20240101002', 'ÕŁ”ńö¤ 20240101002 ńÖ╗ÕĮĢń│╗ń╗¤', 'STUDENT');
INSERT INTO `activity_log` VALUES (39, '2026-04-19 21:24:46', 'ńÖ╗ÕĮĢ', 'T2024002', 'µĢÖÕĖł T2024002 ńÖ╗ÕĮĢń│╗ń╗¤', 'TEACHER');
INSERT INTO `activity_log` VALUES (40, '2026-04-19 21:37:29', 'µłÉń╗®', 'admin', 'õ┐«µö╣ÕŁ”ńö¤Ķ»Šń©ŗµłÉń╗®', 'ADMIN');
INSERT INTO `activity_log` VALUES (41, '2026-04-19 21:38:08', 'ķĆēĶ»Š', '20240101001', 'ÕŁ”ńö¤ 20240101001 ńö│Ķ»ĘķĆēĶ»Š', 'STUDENT');
INSERT INTO `activity_log` VALUES (42, '2026-04-19 21:38:14', 'ķĆēĶ»Š', 'admin', 'µē╣ÕćåķĆēĶ»Šńö│Ķ»Ę', 'ADMIN');
INSERT INTO `activity_log` VALUES (43, '2026-04-19 21:38:29', 'ķĆĆĶ»Š', '20240101001', 'ÕŁ”ńö¤ 20240101001 µÅÉõ║żķĆĆĶ»Šńö│Ķ»Ę', 'STUDENT');
INSERT INTO `activity_log` VALUES (44, '2026-04-19 21:44:59', 'ķĆĆĶ»Š', 'admin', 'µē╣ÕćåķĆĆĶ»Šńö│Ķ»Ę', 'ADMIN');
INSERT INTO `activity_log` VALUES (45, '2026-04-19 22:03:07', 'ńö©µłĘ', 'admin', 'µē╣ķćÅÕ»╝ÕģźÕŁ”ńö¤', 'ADMIN');
INSERT INTO `activity_log` VALUES (46, '2026-04-21 12:38:40', 'ńÖ╗ÕĮĢ', 'admin', 'ń«ĪńÉåÕæś admin ńÖ╗ÕĮĢń│╗ń╗¤', 'ADMIN');
INSERT INTO `activity_log` VALUES (47, '2026-04-21 12:41:03', 'ń│╗ń╗¤', 'admin', 'õ┐«µö╣ÕŁ”Õ╣┤ÕŁ”µ£¤ 2024-2025 ń¼¼1ÕŁ”µ£¤', 'ADMIN');

-- ----------------------------
-- Table structure for admin
-- ----------------------------
DROP TABLE IF EXISTS `admin`;
CREATE TABLE `admin`  (
  `id` int NOT NULL AUTO_INCREMENT COMMENT 'ID',
  `username` varchar(255) CHARACTER SET utf8mb4 COLLATE utf8mb4_unicode_ci NULL DEFAULT NULL COMMENT 'Ķ┤”ÕÅĘ',
  `password` varchar(255) CHARACTER SET utf8mb4 COLLATE utf8mb4_unicode_ci NULL DEFAULT NULL COMMENT 'Õ»åńĀü',
  `name` varchar(255) CHARACTER SET utf8mb4 COLLATE utf8mb4_unicode_ci NULL DEFAULT NULL COMMENT 'ÕÉŹń¦░',
  `avatar` varchar(255) CHARACTER SET utf8mb4 COLLATE utf8mb4_unicode_ci NULL DEFAULT NULL COMMENT 'Õż┤ÕāÅ',
  `role` varchar(255) CHARACTER SET utf8mb4 COLLATE utf8mb4_unicode_ci NULL DEFAULT NULL COMMENT 'Ķ¦ÆĶē▓',
  PRIMARY KEY (`id`) USING BTREE,
  UNIQUE INDEX `username`(`username` ASC) USING BTREE
) ENGINE = InnoDB AUTO_INCREMENT = 2 CHARACTER SET = utf8mb4 COLLATE = utf8mb4_unicode_ci COMMENT = 'ń«ĪńÉåÕæśõ┐Īµü»' ROW_FORMAT = DYNAMIC;

-- ----------------------------
-- Records of admin
-- ----------------------------
INSERT INTO `admin` VALUES (1, 'admin', '123456', 'ń«ĪńÉåÕæś', 'http://localhost:9090/files/download/1776597372987-01c539bbcd0e069fb6775758d32e7f.jpg', 'ADMIN');

-- ----------------------------
-- Table structure for admin_class
-- ----------------------------
DROP TABLE IF EXISTS `admin_class`;
CREATE TABLE `admin_class`  (
  `id` int NOT NULL AUTO_INCREMENT COMMENT 'õĖ╗ķö«ID',
  `grade` varchar(10) CHARACTER SET utf8mb4 COLLATE utf8mb4_0900_ai_ci NOT NULL COMMENT 'Õ╣┤ń║¦’╝īÕ”é 2024',
  `major` varchar(100) CHARACTER SET utf8mb4 COLLATE utf8mb4_0900_ai_ci NOT NULL COMMENT 'õĖōõĖÜ',
  `class_name` varchar(50) CHARACTER SET utf8mb4 COLLATE utf8mb4_0900_ai_ci NOT NULL COMMENT 'ńÅŁń║¦ÕÉŹń¦░’╝īÕ”é Ķ«Īń«Śµ£║1ńÅŁ',
  `class_code` varchar(50) CHARACTER SET utf8mb4 COLLATE utf8mb4_0900_ai_ci NOT NULL COMMENT 'ńÅŁń║¦õ╗ŻńĀü’╝īÕ”é CS2024-1',
  `counselor_id` varchar(20) CHARACTER SET utf8mb4 COLLATE utf8mb4_0900_ai_ci NULL DEFAULT NULL COMMENT 'ĶŠģÕ»╝Õæś/ńÅŁõĖ╗õ╗╗ÕĘźÕÅĘ',
  PRIMARY KEY (`id`) USING BTREE,
  UNIQUE INDEX `uk_class_code`(`class_code` ASC) USING BTREE
) ENGINE = InnoDB AUTO_INCREMENT = 9 CHARACTER SET = utf8mb4 COLLATE = utf8mb4_0900_ai_ci COMMENT = 'ĶĪīµö┐ńÅŁĶĪ©' ROW_FORMAT = Dynamic;

-- ----------------------------
-- Records of admin_class
-- ----------------------------
INSERT INTO `admin_class` VALUES (1, '2024', 'Ķ«Īń«Śµ£║ń¦æÕŁ”õĖÄµŖĆµ£»', '2024ń║¦Ķ«Īń«Śµ£║1ńÅŁ', 'CS2024-1', 'T2024001');
INSERT INTO `admin_class` VALUES (2, '2024', 'Ķ«Īń«Śµ£║ń¦æÕŁ”õĖÄµŖĆµ£»', '2024ń║¦Ķ«Īń«Śµ£║2ńÅŁ', 'CS2024-2', 'T2024002');
INSERT INTO `admin_class` VALUES (3, '2024', 'ĶĮ»õ╗ČÕĘźń©ŗ', '2024ń║¦ĶĮ»õ╗ČÕĘźń©ŗ1ńÅŁ', 'SE2024-1', 'T2024003');
INSERT INTO `admin_class` VALUES (4, '2023', 'Ķ«Īń«Śµ£║ń¦æÕŁ”õĖÄµŖĆµ£»', '2023ń║¦Ķ«Īń«Śµ£║1ńÅŁ', 'CS2023-1', 'T2024004');
INSERT INTO `admin_class` VALUES (5, '2023', 'ĶĮ»õ╗ČÕĘźń©ŗ', '2023ń║¦ĶĮ»õ╗ČÕĘźń©ŗ1ńÅŁ', 'SE2023-1', 'T2024005');

-- ----------------------------
-- Table structure for course
-- ----------------------------
DROP TABLE IF EXISTS `course`;
CREATE TABLE `course`  (
  `id` int NOT NULL AUTO_INCREMENT,
  `courseName` varchar(255) CHARACTER SET utf8mb3 COLLATE utf8mb3_general_ci NULL DEFAULT NULL,
  `courseCode` varchar(255) CHARACTER SET utf8mb3 COLLATE utf8mb3_general_ci NULL DEFAULT NULL,
  `credit` int NULL DEFAULT NULL,
  `description` varchar(255) CHARACTER SET utf8mb3 COLLATE utf8mb3_general_ci NULL DEFAULT NULL,
  PRIMARY KEY (`id`) USING BTREE
) ENGINE = InnoDB AUTO_INCREMENT = 21 CHARACTER SET = utf8mb3 COLLATE = utf8mb3_general_ci ROW_FORMAT = Dynamic;

-- ----------------------------
-- Records of course
-- ----------------------------
INSERT INTO `course` VALUES (1, 'CĶ»ŁĶ©Ćń©ŗÕ║ÅĶ«ŠĶ«Ī', 'CS101', 4, 'µ£¼Ķ»Šń©ŗõĖ╗Ķ”üĶ«▓Ķ¦ŻCĶ»ŁĶ©ĆńÜäÕ¤║µ£¼Ķ»Łµ│ĢŃĆüń©ŗÕ║Åń╗ōµ×äÕÆīń╝¢ń©ŗµ¢╣µ│Ģ’╝īÕ¤╣Õģ╗ÕŁ”ńö¤ńÜäń╝¢ń©ŗµĆØń╗┤ÕÆīÕŖ©µēŗĶāĮÕŖøŃĆé');
INSERT INTO `course` VALUES (2, 'µĢ░µŹ«ń╗ōµ×ä', 'CS102', 4, 'µ£¼Ķ»Šń©ŗµĢÖµÄłń║┐µĆ¦ĶĪ©ŃĆüµĀłŃĆüķś¤ÕłŚŃĆüµĀæŃĆüÕøŠńŁēÕ¤║µ£¼µĢ░µŹ«ń╗ōµ×äńÜäÕÄ¤ńÉåÕÆīÕ«×ńÄ░µ¢╣µ│Ģ’╝īõ╗źÕÅŖÕĖĖńö©µÄÆÕ║ÅÕÆīµ¤źµēŠń«Śµ│ĢŃĆé');
INSERT INTO `course` VALUES (3, 'Javań©ŗÕ║ÅĶ«ŠĶ«Ī', 'CS201', 4, 'µ£¼Ķ»Šń©ŗõ╗ŗń╗ŹJavaĶ»ŁĶ©ĆńÜäµĀĖÕ┐āµ”éÕ┐ĄŃĆüķØóÕÉæÕ»╣Ķ▒Īń╝¢ń©ŗµĆØµā│ÕÆīÕĖĖńö©ń▒╗Õ║ō’╝īÕ¤╣Õģ╗ÕŁ”ńö¤Õ╝ĆÕÅæµĪīķØóÕ║öńö©ÕÆīWebÕ║öńö©ńÜäĶāĮÕŖøŃĆé');
INSERT INTO `course` VALUES (4, 'ń«Śµ│ĢĶ«ŠĶ«ĪõĖÄÕłåµ×É', 'CS202', 3, 'µ£¼Ķ»Šń©ŗĶ«▓Ķ¦ŻÕĖĖńö©ń«Śµ│ĢńÜäĶ«ŠĶ«ĪńŁ¢ńĢźŃĆüÕżŹµØéÕ║”Õłåµ×Éµ¢╣µ│Ģ’╝īõ╗źÕÅŖÕŖ©µĆüĶ¦äÕłÆŃĆüĶ┤¬Õ┐āń«Śµ│ĢŃĆüÕłåµ▓╗µ│ĢńŁēµĀĖÕ┐āń«Śµ│ĢµĆØµā│ŃĆé');
INSERT INTO `course` VALUES (5, 'ń”╗µĢŻµĢ░ÕŁ”', 'CS103', 3, 'µ£¼Ķ»Šń©ŗµČĄńø¢ķøåÕÉłĶ«║ŃĆüÕøŠĶ«║ŃĆüµĢ░ńÉåķĆ╗ĶŠæŃĆüÕĖāÕ░öõ╗ŻµĢ░ńŁēń”╗µĢŻµĢ░ÕŁ”Õ¤║ńĪĆń¤źĶ»å’╝īõĖ║Ķ«Īń«Śµ£║õĖōõĖÜÕŁ”õ╣ĀÕźĀÕ«ÜńÉåĶ«║Õ¤║ńĪĆŃĆé');
INSERT INTO `course` VALUES (6, 'µĢ░µŹ«Õ║ōÕÄ¤ńÉåõĖÄÕ║öńö©', 'CS203', 4, 'µ£¼Ķ»Šń©ŗõ╗ŗń╗ŹÕģ│ń│╗Õ×ŗµĢ░µŹ«Õ║ōńÜäÕ¤║µ£¼ńÉåĶ«║ŃĆüSQLĶ»ŁĶ©ĆŃĆüµĢ░µŹ«Õ║ōĶ«ŠĶ«Īµ¢╣µ│Ģ’╝īõ╗źÕÅŖMySQLńŁēõĖ╗µĄüµĢ░µŹ«Õ║ōńÜäÕ«×ķÖģÕ║öńö©ŃĆé');
INSERT INTO `course` VALUES (7, 'Ķ«Īń«Śµ£║ńĮæń╗£', 'CS204', 3, 'µ£¼Ķ»Šń©ŗĶ«▓Ķ¦ŻOSIÕÅéĶĆāµ©ĪÕ×ŗŃĆüTCP/IPÕŹÅĶ««µĀłŃĆüńĮæń╗£ń╝¢ń©ŗÕ¤║ńĪĆń¤źĶ»å’╝īõ╗źÕÅŖÕ▒ĆÕ¤¤ńĮæÕÆīõ║ÆĶüöńĮæµŖĆµ£»ńÜäÕÄ¤ńÉåõĖÄÕ║öńö©ŃĆé');
INSERT INTO `course` VALUES (8, 'µōŹõĮ£ń│╗ń╗¤', 'CS205', 4, 'µ£¼Ķ»Šń©ŗõ╗ŗń╗ŹµōŹõĮ£ń│╗ń╗¤ńÜäÕ¤║µ£¼µ”éÕ┐ĄŃĆüĶ┐øń©ŗń«ĪńÉåŃĆüÕåģÕŁśń«ĪńÉåŃĆüµ¢ćõ╗Čń│╗ń╗¤ŃĆüĶ«ŠÕżćń«ĪńÉåńŁēµĀĖÕ┐āµ©ĪÕØŚńÜäÕÄ¤ńÉåõĖÄÕ«×ńÄ░ŃĆé');
INSERT INTO `course` VALUES (9, 'ĶĮ»õ╗ČÕĘźń©ŗ', 'CS301', 3, 'µ£¼Ķ»Šń©ŗµČĄńø¢ĶĮ»õ╗ČÕĘźń©ŗńÜäńö¤ÕæĮÕæ©µ£¤µ©ĪÕ×ŗŃĆüķ£Ćµ▒éÕłåµ×ÉŃĆüĶ«ŠĶ«Īµ©ĪÕ╝ÅŃĆüĶĮ»õ╗ČµĄŗĶ»ĢŃĆüķĪ╣ńø«ń«ĪńÉåńŁēńÉåĶ«║ń¤źĶ»åÕÆīÕ«×ĶĘĄµ¢╣µ│ĢŃĆé');
INSERT INTO `course` VALUES (10, 'ń╝¢Ķ»æÕÄ¤ńÉå', 'CS302', 3, 'µ£¼Ķ»Šń©ŗĶ«▓Ķ¦Żń╝¢Ķ»æÕÖ©ńÜäń╗ōµ×äŃĆüÕÉäķśČµ«ĄÕĘźõĮ£ÕÄ¤ńÉå’╝īÕīģµŗ¼Ķ»Źµ│ĢÕłåµ×ÉŃĆüĶ»Łµ│ĢÕłåµ×ÉŃĆüĶ»Łõ╣ēÕłåµ×ÉŃĆüõ╗ŻńĀüńö¤µłÉõĖÄõ╝śÕī¢ńŁēŃĆé');
INSERT INTO `course` VALUES (11, 'Ķ«Īń«Śµ£║ń╗äµłÉÕÄ¤ńÉå', 'CS104', 4, 'µ£¼Ķ»Šń©ŗõ╗ŗń╗ŹĶ«Īń«Śµ£║ńĪ¼õ╗Čń│╗ń╗¤ńÜäń╗äµłÉń╗ōµ×äŃĆüÕĘźõĮ£ÕÄ¤ńÉå’╝īÕīģµŗ¼µĢ░µŹ«ńÜäĶĪ©ńż║ŃĆüĶ┐Éń«ŚÕÖ©ŃĆüÕŁśÕé©ÕÖ©ŃĆüµīćõ╗żń│╗ń╗¤ńŁēŃĆé');
INSERT INTO `course` VALUES (12, 'Pythonń©ŗÕ║ÅĶ«ŠĶ«Ī', 'CS105', 3, 'µ£¼Ķ»Šń©ŗµĢÖµÄłPythonĶ»ŁĶ©ĆńÜäÕ¤║ńĪĆĶ»Łµ│ĢŃĆüµĢ░µŹ«ń▒╗Õ×ŗŃĆüµÄ¦ÕłČń╗ōµ×ä’╝īõ╗źÕÅŖNumPyŃĆüPandasńŁēµĢ░µŹ«ń¦æÕŁ”Õ║ōńÜäÕ«×µłśÕ║öńö©ŃĆé');
INSERT INTO `course` VALUES (13, 'WebÕ║öńö©Õ╝ĆÕÅæ', 'CS303', 3, 'µ£¼Ķ»Šń©ŗĶ«▓Ķ¦ŻHTMLŃĆüCSSŃĆüJavaScriptÕēŹń½»µŖĆµ£»’╝īõ╗źÕÅŖServletŃĆüJSPŃĆüAjaxńŁēJava WebÕ╝ĆÕÅæńÜäµĀĖÕ┐āµŖĆµ£»ŃĆé');
INSERT INTO `course` VALUES (14, 'õ║║ÕĘźµÖ║ĶāĮÕ»╝Ķ«║', 'CS401', 3, 'µ£¼Ķ»Šń©ŗõ╗ŗń╗Źõ║║ÕĘźµÖ║ĶāĮńÜäÕ¤║µ£¼µ”éÕ┐ĄŃĆüµ£║ÕÖ©ÕŁ”õ╣ĀÕ¤║ńĪĆŃĆüńź×ń╗ÅńĮæń╗£ÕÄ¤ńÉå’╝īõ╗źÕÅŖµĘ▒Õ║”ÕŁ”õ╣ĀÕ£©ÕøŠÕāÅÕÆīĶ»Łķ¤│ķóåÕ¤¤ńÜäÕ║öńö©ŃĆé');
INSERT INTO `course` VALUES (15, 'µĢ░µŹ«µī¢µÄśõĖÄÕłåµ×É', 'CS402', 3, 'µ£¼Ķ»Šń©ŗµČĄńø¢µĢ░µŹ«ķóäÕżäńÉåŃĆüÕłåń▒╗ń«Śµ│ĢŃĆüĶüÜń▒╗Õłåµ×ÉŃĆüÕģ│ĶüöĶ¦äÕłÖµī¢µÄśńŁēµĢ░µŹ«ń¦æÕŁ”µ¢╣µ│Ģ’╝īõ╗źÕÅŖÕż¦µĢ░µŹ«ÕżäńÉåµŖĆµ£»ŃĆé');
INSERT INTO `course` VALUES (16, 'õ┐Īµü»Õ«ēÕģ©Õ¤║ńĪĆ', 'CS303', 3, 'µ£¼Ķ»Šń©ŗõ╗ŗń╗ŹńĮæń╗£Õ«ēÕģ©ŃĆüÕ»åńĀüÕŁ”Õ¤║ńĪĆŃĆüÕģźõŠĄµŻĆµĄŗŃĆüķś▓ńü½ÕóÖµŖĆµ£»ńŁēõ┐Īµü»Õ«ēÕģ©ķóåÕ¤¤ńÜäµĀĖÕ┐āń¤źĶ»åÕÆīķś▓µŖżńŁ¢ńĢźŃĆé');
INSERT INTO `course` VALUES (17, 'õ║æĶ«Īń«ŚõĖÄÕż¦µĢ░µŹ«', 'CS403', 3, 'µ£¼Ķ»Šń©ŗĶ«▓Ķ¦Żõ║æĶ«Īń«ŚńÜäµ×Čµ×äõĖÄÕÄ¤ńÉåŃĆüHadoopÕÆīSparkńŁēÕż¦µĢ░µŹ«ÕżäńÉåµĪåµ×Č’╝īõ╗źÕÅŖÕłåÕĖāÕ╝ÅÕŁśÕé©ÕÆīĶ«Īń«ŚµŖĆµ£»ŃĆé');
INSERT INTO `course` VALUES (18, 'Ķ«Īń«Śµ£║ÕøŠÕĮóÕŁ”', 'CS304', 3, 'µ£¼Ķ»Šń©ŗµČĄńø¢ÕøŠÕĮóÕŁ”ńÜäÕ¤║µ£¼ń«Śµ│ĢŃĆüÕøŠÕĮóÕÅśµŹóŃĆüµĖ▓µ¤ōµŖĆµ£»’╝īõ╗źÕÅŖOpenGLń╝¢ń©ŗÕÆīõĖēń╗┤ÕøŠÕĮóńÜäńö¤µłÉµ¢╣µ│ĢŃĆé');
INSERT INTO `course` VALUES (19, 'ĶĮ»õ╗ČµĄŗĶ»ĢõĖÄĶ┤©ķćÅõ┐ØķÜ£', 'CS305', 2, 'µ£¼Ķ»Šń©ŗõ╗ŗń╗ŹĶĮ»õ╗ČµĄŗĶ»ĢńÜäÕ¤║µ£¼µ¢╣µ│ĢŃĆüµĄŗĶ»Ģńö©õŠŗĶ«ŠĶ«ĪŃĆüĶć¬ÕŖ©Õī¢µĄŗĶ»ĢµĪåµ×Č’╝īõ╗źÕÅŖĶĮ»õ╗ČĶ┤©ķćÅĶ»äõ╝░õĮōń│╗ŃĆé');
INSERT INTO `course` VALUES (20, 'Ķ»Šń©ŗĶ«ŠĶ«Ī', 'CS401', 4, 'µ£¼Ķ»Šń©ŗµś»õĖĆķŚ©ń╗╝ÕÉłµĆ¦Õ«×ĶĘĄĶ»Šń©ŗ’╝īĶ”üµ▒éÕŁ”ńö¤Õ«īµłÉõĖĆõĖ¬Õ«īµĢ┤ĶĮ»õ╗ČķĪ╣ńø«ńÜäķ£Ćµ▒éÕłåµ×ÉŃĆüĶ«ŠĶ«ĪŃĆüń╝¢ńĀüÕÆīµĄŗĶ»ĢÕĘźõĮ£ŃĆé');

-- ----------------------------
-- Table structure for course_evaluation
-- ----------------------------
DROP TABLE IF EXISTS `course_evaluation`;
CREATE TABLE `course_evaluation`  (
  `id` int NOT NULL AUTO_INCREMENT,
  `student_id` varchar(20) CHARACTER SET utf8mb4 COLLATE utf8mb4_unicode_ci NOT NULL,
  `student_name` varchar(50) CHARACTER SET utf8mb4 COLLATE utf8mb4_unicode_ci NOT NULL,
  `course_id` int NOT NULL,
  `course_name` varchar(100) CHARACTER SET utf8mb4 COLLATE utf8mb4_unicode_ci NOT NULL,
  `teacher_id` varchar(20) CHARACTER SET utf8mb4 COLLATE utf8mb4_unicode_ci NOT NULL,
  `rating` int NOT NULL,
  `content` text CHARACTER SET utf8mb4 COLLATE utf8mb4_unicode_ci NOT NULL,
  `teacher_evaluation` text CHARACTER SET utf8mb4 COLLATE utf8mb4_unicode_ci NULL,
  `evaluation_time` datetime NOT NULL,
  PRIMARY KEY (`id`) USING BTREE,
  UNIQUE INDEX `uk_student_course`(`student_id` ASC, `course_id` ASC) USING BTREE,
  INDEX `idx_course_id`(`course_id` ASC) USING BTREE,
  INDEX `idx_teacher_id`(`teacher_id` ASC) USING BTREE,
  INDEX `idx_course_teacher`(`course_id` ASC, `teacher_id` ASC) USING BTREE,
  CONSTRAINT `fk_course_evaluation_course` FOREIGN KEY (`course_id`) REFERENCES `course` (`id`) ON DELETE CASCADE ON UPDATE CASCADE,
  CONSTRAINT `fk_course_evaluation_student` FOREIGN KEY (`student_id`) REFERENCES `student` (`username`) ON DELETE CASCADE ON UPDATE CASCADE,
  CONSTRAINT `fk_course_evaluation_teacher` FOREIGN KEY (`teacher_id`) REFERENCES `teacher` (`username`) ON DELETE CASCADE ON UPDATE CASCADE
) ENGINE = InnoDB AUTO_INCREMENT = 2 CHARACTER SET = utf8mb4 COLLATE = utf8mb4_unicode_ci ROW_FORMAT = Dynamic;

-- ----------------------------
-- Records of course_evaluation
-- ----------------------------
INSERT INTO `course_evaluation` VALUES (1, '20240101001', 'Õ╝ĀµóōĶÉ▒', 1, 'CĶ»ŁĶ©Ćń©ŗÕ║ÅĶ«ŠĶ«Ī', 'T2024001', 3, 'õĖŹĶĆŚ', 'õĖŹĶ«żń£¤', '2026-04-19 22:22:03');

-- ----------------------------
-- Table structure for course_selection
-- ----------------------------
DROP TABLE IF EXISTS `course_selection`;
CREATE TABLE `course_selection`  (
  `id` int NOT NULL AUTO_INCREMENT,
  `userId` varchar(255) CHARACTER SET utf8mb3 COLLATE utf8mb3_general_ci NULL DEFAULT NULL,
  `userName` varchar(255) CHARACTER SET utf8mb3 COLLATE utf8mb3_general_ci NULL DEFAULT NULL,
  `userType` varchar(255) CHARACTER SET utf8mb3 COLLATE utf8mb3_general_ci NULL DEFAULT NULL,
  `courseId` varchar(255) CHARACTER SET utf8mb3 COLLATE utf8mb3_general_ci NULL DEFAULT NULL,
  `courseName` varchar(255) CHARACTER SET utf8mb3 COLLATE utf8mb3_general_ci NULL DEFAULT NULL,
  `status` int NULL DEFAULT NULL,
  `createTime` datetime NULL DEFAULT NULL,
  `teacherId` varchar(255) CHARACTER SET utf8mb3 COLLATE utf8mb3_general_ci NULL DEFAULT NULL,
  `teacherName` varchar(255) CHARACTER SET utf8mb3 COLLATE utf8mb3_general_ci NULL DEFAULT NULL,
  `teaching_class_id` int NULL DEFAULT NULL COMMENT 'µĢÖÕŁ”ńÅŁID',
  `academic_year_id` int NULL DEFAULT NULL COMMENT 'ÕŁ”Õ╣┤ÕŁ”µ£¤ID',
  `admin_class_id` int NULL DEFAULT NULL COMMENT 'ÕŁ”ńö¤µēĆÕ▒×ĶĪīµö┐ńÅŁID',
  PRIMARY KEY (`id`) USING BTREE,
  INDEX `idx_user_course`(`userId` ASC, `courseId` ASC) USING BTREE
) ENGINE = InnoDB AUTO_INCREMENT = 15 CHARACTER SET = utf8mb3 COLLATE = utf8mb3_general_ci ROW_FORMAT = Dynamic;

-- ----------------------------
-- Records of course_selection
-- ----------------------------
INSERT INTO `course_selection` VALUES (10, '20240101001', 'Õ╝ĀµóōĶÉ▒', 'STUDENT', '1', 'CĶ»ŁĶ©Ćń©ŗÕ║ÅĶ«ŠĶ«Ī', 1, '2026-04-19 20:07:56', 'T2024001', 'Õ╝ĀµśÄ', NULL, NULL, NULL);
INSERT INTO `course_selection` VALUES (11, '20240101001', 'Õ╝ĀµóōĶÉ▒', 'STUDENT', '2', 'µĢ░µŹ«ń╗ōµ×ä', 1, '2026-04-19 20:07:59', 'T2024002', 'µØÄÕŹÄ', NULL, NULL, NULL);
INSERT INTO `course_selection` VALUES (12, '20240101001', 'Õ╝ĀµóōĶÉ▒', 'STUDENT', '5', 'ń”╗µĢŻµĢ░ÕŁ”', 2, '2026-04-19 20:10:21', 'T2024008', 'ÕŁÖõĖĮ', NULL, NULL, NULL);
INSERT INTO `course_selection` VALUES (13, '20240101001', 'Õ╝ĀµóōĶÉ▒', 'STUDENT', '11', 'Ķ«Īń«Śµ£║ń╗äµłÉÕÄ¤ńÉå', 2, '2026-04-19 20:10:29', 'T2024017', 'ķāŁÕ╗║ÕøĮ', NULL, NULL, NULL);
INSERT INTO `course_selection` VALUES (14, '20240101001', 'Õ╝ĀµóōĶÉ▒', 'STUDENT', '14', 'õ║║ÕĘźµÖ║ĶāĮÕ»╝Ķ«║', 1, '2026-04-19 21:38:07', 'T2024001', 'Õ╝ĀµśÄ', NULL, NULL, NULL);

-- ----------------------------
-- Table structure for course_teacher
-- ----------------------------
DROP TABLE IF EXISTS `course_teacher`;
CREATE TABLE `course_teacher`  (
  `id` int NOT NULL AUTO_INCREMENT COMMENT 'õĖ╗ķö«ID',
  `course_id` int NOT NULL COMMENT 'Ķ»Šń©ŗID',
  `teacher_id` varchar(255) CHARACTER SET utf8mb4 COLLATE utf8mb4_0900_ai_ci NOT NULL COMMENT 'µĢÖÕĖłÕĘźÕÅĘ',
  `teacher_name` varchar(255) CHARACTER SET utf8mb4 COLLATE utf8mb4_0900_ai_ci NULL DEFAULT NULL COMMENT 'µĢÖÕĖłÕ¦ōÕÉŹ',
  `teaching_class_id` int NULL DEFAULT NULL COMMENT 'µĢÖÕŁ”ńÅŁID’╝łõĖ║ń®║ĶĪ©ńż║Ķ»Šń©ŗķĆÜńö©µĢÖÕĖł’╝ē',
  `is_main_teacher` int NULL DEFAULT 0 COMMENT 'µś»ÕÉ”õĖ╗Ķ«▓µĢÖÕĖł’╝Ü0-µÖ«ķĆÜµĢÖÕĖł’╝ī1-õĖ╗Ķ«▓µĢÖÕĖł',
  PRIMARY KEY (`id`) USING BTREE,
  INDEX `idx_course_id`(`course_id` ASC) USING BTREE,
  INDEX `idx_teacher_id`(`teacher_id` ASC) USING BTREE
) ENGINE = InnoDB AUTO_INCREMENT = 34 CHARACTER SET = utf8mb4 COLLATE = utf8mb4_0900_ai_ci COMMENT = 'Ķ»Šń©ŗµĢÖÕĖłÕģ│ĶüöĶĪ©' ROW_FORMAT = Dynamic;

-- ----------------------------
-- Records of course_teacher
-- ----------------------------
INSERT INTO `course_teacher` VALUES (1, 1, 'T2024001', 'Õ╝ĀµśÄ', NULL, 1);
INSERT INTO `course_teacher` VALUES (2, 1, 'T2024004', 'ÕłśĶŖ│', NULL, 1);
INSERT INTO `course_teacher` VALUES (3, 2, 'T2024002', 'µØÄÕŹÄ', NULL, 1);
INSERT INTO `course_teacher` VALUES (4, 2, 'T2024005', 'ķÖłµśÄõ║«', NULL, 1);
INSERT INTO `course_teacher` VALUES (5, 3, 'T2024003', 'ńÄŗÕ╝║', NULL, 1);
INSERT INTO `course_teacher` VALUES (6, 3, 'T2024006', 'ĶĄĄÕ░Åń║ó', NULL, 1);
INSERT INTO `course_teacher` VALUES (7, 4, 'T2024007', 'ķÆ▒Õ╗║ÕøĮ', NULL, 1);
INSERT INTO `course_teacher` VALUES (8, 5, 'T2024008', 'ÕŁÖõĖĮ', NULL, 1);
INSERT INTO `course_teacher` VALUES (9, 6, 'T2024009', 'Õæ©Õ╗║ÕøĮ', NULL, 1);
INSERT INTO `course_teacher` VALUES (10, 6, 'T2024010', 'ÕÉ┤µĢÅ', NULL, 1);
INSERT INTO `course_teacher` VALUES (11, 7, 'T2024011', 'ķāæÕŹÄ', NULL, 1);
INSERT INTO `course_teacher` VALUES (12, 8, 'T2024012', 'ķ╗äõĖĮ', NULL, 1);
INSERT INTO `course_teacher` VALUES (13, 8, 'T2024013', 'ķ®¼Õ╗║ÕøĮ', NULL, 1);
INSERT INTO `course_teacher` VALUES (14, 9, 'T2024014', 'µ£▒µĢÅ', NULL, 1);
INSERT INTO `course_teacher` VALUES (15, 10, 'T2024015', 'ĶāĪÕŹÄ', NULL, 1);
INSERT INTO `course_teacher` VALUES (16, 11, 'T2024016', 'µ×ŚõĖĮ', NULL, 1);
INSERT INTO `course_teacher` VALUES (17, 11, 'T2024017', 'ķāŁÕ╗║ÕøĮ', NULL, 1);
INSERT INTO `course_teacher` VALUES (18, 12, 'T2024018', 'µóüµĢÅ', NULL, 1);
INSERT INTO `course_teacher` VALUES (19, 13, 'T2024019', 'Ķ░óÕŹÄ', NULL, 1);
INSERT INTO `course_teacher` VALUES (20, 14, 'T2024020', 'Õ«ŗõĖĮ', NULL, 1);
INSERT INTO `course_teacher` VALUES (21, 14, 'T2024001', 'Õ╝ĀµśÄ', NULL, 1);
INSERT INTO `course_teacher` VALUES (22, 15, 'T2024002', 'µØÄÕŹÄ', NULL, 1);
INSERT INTO `course_teacher` VALUES (23, 16, 'T2024003', 'ńÄŗÕ╝║', NULL, 1);
INSERT INTO `course_teacher` VALUES (24, 17, 'T2024004', 'ÕłśĶŖ│', NULL, 1);
INSERT INTO `course_teacher` VALUES (25, 18, 'T2024005', 'ķÖłµśÄõ║«', NULL, 1);
INSERT INTO `course_teacher` VALUES (26, 19, 'T2024006', 'ĶĄĄÕ░Åń║ó', NULL, 1);
INSERT INTO `course_teacher` VALUES (27, 20, 'T2024007', 'ķÆ▒Õ╗║ÕøĮ', NULL, 1);
INSERT INTO `course_teacher` VALUES (28, 20, 'T2024008', 'ÕŁÖõĖĮ', NULL, 1);
INSERT INTO `course_teacher` VALUES (29, 1, 'T2024001', 'Õ╝ĀµśÄ', 1, 1);
INSERT INTO `course_teacher` VALUES (30, 1, 'T2024002', 'µØÄÕŹÄ', 2, 1);
INSERT INTO `course_teacher` VALUES (31, 2, 'T2024002', 'µØÄÕŹÄ', 3, 1);
INSERT INTO `course_teacher` VALUES (32, 5, 'T2024008', 'ÕŁÖõĖĮ', 4, 1);
INSERT INTO `course_teacher` VALUES (33, 11, 'T2024016', 'µ×ŚõĖĮ', 5, 1);

-- ----------------------------
-- Table structure for course_withdrawal
-- ----------------------------
DROP TABLE IF EXISTS `course_withdrawal`;
CREATE TABLE `course_withdrawal`  (
  `id` int NOT NULL AUTO_INCREMENT,
  `studentId` varchar(20) CHARACTER SET utf8mb4 COLLATE utf8mb4_unicode_ci NULL DEFAULT NULL,
  `courseId` varchar(20) CHARACTER SET utf8mb4 COLLATE utf8mb4_unicode_ci NULL DEFAULT NULL,
  `teacherId` varchar(20) CHARACTER SET utf8mb4 COLLATE utf8mb4_unicode_ci NULL DEFAULT NULL,
  `teacherName` varchar(50) CHARACTER SET utf8mb4 COLLATE utf8mb4_unicode_ci NULL DEFAULT NULL,
  `teaching_class_id` int NULL DEFAULT NULL COMMENT 'µĢÖÕŁ”ńÅŁID',
  `withdrawalTime` datetime NULL DEFAULT CURRENT_TIMESTAMP,
  `reason` varchar(255) CHARACTER SET utf8mb4 COLLATE utf8mb4_unicode_ci NULL DEFAULT NULL,
  `status` int NULL DEFAULT 0,
  `reason_type` int NULL DEFAULT NULL COMMENT 'ķĆĆĶ»ŠÕÄ¤ÕøĀń▒╗Õ×ŗ’╝Ü1-Ķć¬µä┐ķĆĆĶ»Š’╝ī2-õĖŹÕÅŖµĀ╝ķĆĆĶ»Š’╝ī3-ÕģČõ╗¢',
  PRIMARY KEY (`id`) USING BTREE
) ENGINE = InnoDB AUTO_INCREMENT = 2 CHARACTER SET = utf8mb4 COLLATE = utf8mb4_unicode_ci ROW_FORMAT = Dynamic;

-- ----------------------------
-- Records of course_withdrawal
-- ----------------------------
INSERT INTO `course_withdrawal` VALUES (1, '20240101001', '14', '', 'Õ╝ĀµśÄ', NULL, '2026-04-19 21:46:51', 'ķĆēķöÖõ║å', 1, NULL);

-- ----------------------------
-- Table structure for modify_request
-- ----------------------------
DROP TABLE IF EXISTS `modify_request`;
CREATE TABLE `modify_request`  (
  `id` int NOT NULL AUTO_INCREMENT,
  `userId` varchar(255) CHARACTER SET utf8mb3 COLLATE utf8mb3_general_ci NULL DEFAULT NULL,
  `userName` varchar(255) CHARACTER SET utf8mb3 COLLATE utf8mb3_general_ci NULL DEFAULT NULL,
  `userType` varchar(255) CHARACTER SET utf8mb3 COLLATE utf8mb3_general_ci NULL DEFAULT NULL,
  `fieldName` varchar(255) CHARACTER SET utf8mb3 COLLATE utf8mb3_general_ci NULL DEFAULT NULL,
  `oldValue` varchar(255) CHARACTER SET utf8mb3 COLLATE utf8mb3_general_ci NULL DEFAULT NULL,
  `newValue` varchar(255) CHARACTER SET utf8mb3 COLLATE utf8mb3_general_ci NULL DEFAULT NULL,
  `status` int NULL DEFAULT NULL,
  `createTime` datetime NULL DEFAULT NULL,
  PRIMARY KEY (`id`) USING BTREE
) ENGINE = InnoDB AUTO_INCREMENT = 3 CHARACTER SET = utf8mb3 COLLATE = utf8mb3_general_ci ROW_FORMAT = Dynamic;

-- ----------------------------
-- Records of modify_request
-- ----------------------------
INSERT INTO `modify_request` VALUES (1, '20240101001', 'Õ╝ĀµóōĶÉ▒', 'STUDENT', 'avatar', '', 'http://localhost:9090/files/download/1776589631128-f9db561dbcc6f77c0e70a1208921b5.jpg', 1, '2026-04-19 17:07:12');
INSERT INTO `modify_request` VALUES (2, 'T2024001', 'Õ╝ĀµśÄ', 'TEACHER', 'avatar', '', 'http://localhost:9090/files/download/1776596101549-0d19b52d7e475569095d0400858eec.jpg', 1, '2026-04-19 18:55:02');

-- ----------------------------
-- Table structure for student
-- ----------------------------
DROP TABLE IF EXISTS `student`;
CREATE TABLE `student`  (
  `id` int NOT NULL AUTO_INCREMENT COMMENT 'ID',
  `username` varchar(255) CHARACTER SET utf8mb4 COLLATE utf8mb4_unicode_ci NULL DEFAULT NULL COMMENT 'Ķ┤”ÕÅĘ',
  `password` varchar(255) CHARACTER SET utf8mb4 COLLATE utf8mb4_unicode_ci NULL DEFAULT NULL COMMENT 'Õ»åńĀü',
  `name` varchar(255) CHARACTER SET utf8mb4 COLLATE utf8mb4_unicode_ci NULL DEFAULT NULL COMMENT 'Õ¦ōÕÉŹ',
  `avatar` varchar(255) CHARACTER SET utf8mb4 COLLATE utf8mb4_unicode_ci NULL DEFAULT NULL COMMENT 'Õż┤ÕāÅ',
  `age` varchar(255) CHARACTER SET utf8mb4 COLLATE utf8mb4_unicode_ci NULL DEFAULT NULL COMMENT 'Õ╣┤ķŠä',
  `gender` varchar(255) CHARACTER SET utf8mb4 COLLATE utf8mb4_unicode_ci NULL DEFAULT NULL COMMENT 'µĆ¦Õł½',
  `phone` varchar(255) CHARACTER SET utf8mb4 COLLATE utf8mb4_unicode_ci NULL DEFAULT NULL COMMENT 'ńöĄĶ»Ø',
  `profession` varchar(255) CHARACTER SET utf8mb4 COLLATE utf8mb4_unicode_ci NULL DEFAULT NULL COMMENT 'õĖōõĖÜ',
  `role` varchar(255) CHARACTER SET utf8mb4 COLLATE utf8mb4_unicode_ci NULL DEFAULT NULL COMMENT 'Ķ¦ÆĶē▓',
  `status` int NULL DEFAULT 0 COMMENT 'Õ«ĪµĀĖńŖČµĆü’╝Ü0-ÕŠģÕ«ĪµĀĖ’╝ī1-ÕĘ▓ķĆÜĶ┐ć’╝ī2-ÕĘ▓µŗÆń╗Ø',
  `email` varchar(255) CHARACTER SET utf8mb4 COLLATE utf8mb4_unicode_ci NULL DEFAULT NULL,
  PRIMARY KEY (`id`) USING BTREE,
  UNIQUE INDEX `username`(`username` ASC) USING BTREE
) ENGINE = InnoDB AUTO_INCREMENT = 23 CHARACTER SET = utf8mb4 COLLATE = utf8mb4_unicode_ci COMMENT = 'ÕŁ”ńö¤õ┐Īµü»' ROW_FORMAT = DYNAMIC;

-- ----------------------------
-- Records of student
-- ----------------------------
INSERT INTO `student` VALUES (1, '20240101001', '123456', 'Õ╝ĀµóōĶÉ▒', 'http://localhost:9090/files/download/1776589631128-f9db561dbcc6f77c0e70a1208921b5.jpg', '19', 'Õź│', '13812340001', 'Ķ«Īń«Śµ£║ń¦æÕŁ”õĖÄµŖĆµ£»', 'STUDENT', 1, 'zhangzx@sms.edu.cn');
INSERT INTO `student` VALUES (2, '20240101002', '123456', 'µØÄµĄ®ńäČ', NULL, '19', 'ńöĘ', '13812340002', 'Ķ«Īń«Śµ£║ń¦æÕŁ”õĖÄµŖĆµ£»', 'STUDENT', 1, 'lihr@sms.edu.cn');
INSERT INTO `student` VALUES (3, '20240101003', '123456', 'ńÄŗµĆØńÉ¬', NULL, '19', 'Õź│', '13812340003', 'Ķ«Īń«Śµ£║ń¦æÕŁ”õĖÄµŖĆµ£»', 'STUDENT', 1, 'wangsq@sms.edu.cn');
INSERT INTO `student` VALUES (4, '20240102001', '123456', 'ÕłśÕŁÉÕó©', NULL, '19', 'ńöĘ', '13812340004', 'ĶĮ»õ╗ČÕĘźń©ŗ', 'STUDENT', 1, 'liuzm@sms.edu.cn');
INSERT INTO `student` VALUES (5, '20240102002', '123456', 'ķÖłķø©ĶÉ▒', NULL, '19', 'Õź│', '13812340005', 'ĶĮ»õ╗ČÕĘźń©ŗ', 'STUDENT', 1, 'chenyx@sms.edu.cn');
INSERT INTO `student` VALUES (6, '20240201001', '123456', 'ĶĄĄµÖ©µø”', NULL, '19', 'ńöĘ', '13812340006', 'ńĮæń╗£ÕĘźń©ŗ', 'STUDENT', 1, 'zhaocx@sms.edu.cn');
INSERT INTO `student` VALUES (7, '20240201002', '123456', 'Õæ©ķøģÕ®Ę', NULL, '19', 'Õź│', '13812340007', 'ńĮæń╗£ÕĘźń©ŗ', 'STUDENT', 1, 'zhouyt@sms.edu.cn');
INSERT INTO `student` VALUES (8, '20240301001', '123456', 'ÕÉ┤õ┐ŖµØ░', NULL, '19', 'ńöĘ', '13812340008', 'õ┐Īµü»Õ«ēÕģ©', 'STUDENT', 1, 'wujj@sms.edu.cn');
INSERT INTO `student` VALUES (9, '20240301002', '123456', 'ķāæĶ»ŚµČĄ', NULL, '19', 'Õź│', '13812340009', 'õ┐Īµü»Õ«ēÕģ©', 'STUDENT', 1, 'zhengsh@sms.edu.cn');
INSERT INTO `student` VALUES (10, '20240401001', '123456', 'ÕŁÖµĄ®ńäČ', NULL, '19', 'ńöĘ', '13812340010', 'µĢ░µŹ«ń¦æÕŁ”', 'STUDENT', 1, 'sunhr@sms.edu.cn');
INSERT INTO `student` VALUES (11, '20240401002', '123456', 'ķ╗äµĆØĶ┐£', NULL, '19', 'ńöĘ', '13812340011', 'µĢ░µŹ«ń¦æÕŁ”', 'STUDENT', 1, 'huangsy@sms.edu.cn');
INSERT INTO `student` VALUES (12, '20240402001', '123456', 'µ×ŚÕÅ»µ¼Ż', NULL, '19', 'Õź│', '13812340012', 'õ║║ÕĘźµÖ║ĶāĮ', 'STUDENT', 1, 'linkx@sms.edu.cn');
INSERT INTO `student` VALUES (13, '20240402002', '123456', 'ÕŠÉÕŁÉĶĮ®', NULL, '19', 'ńöĘ', '13812340013', 'õ║║ÕĘźµÖ║ĶāĮ', 'STUDENT', 1, 'xuzx@sms.edu.cn');
INSERT INTO `student` VALUES (14, '20230101001', '123456', 'ķ®¼µ¼ŻµĆĪ', NULL, '21', 'Õź│', '13812340014', 'Ķ«Īń«Śµ£║ń¦æÕŁ”õĖÄµŖĆµ£»', 'STUDENT', 1, 'maxy@sms.edu.cn');
INSERT INTO `student` VALUES (15, '20230101002', '123456', 'µ£▒õ┐ŖĶ▒¬', NULL, '21', 'ńöĘ', '13812340015', 'Ķ«Īń«Śµ£║ń¦æÕŁ”õĖÄµŖĆµ£»', 'STUDENT', 1, 'zhujh@sms.edu.cn');
INSERT INTO `student` VALUES (16, '20230102001', '123456', 'ĶāĪÕżÅµ▓½', NULL, '21', 'Õź│', '13812340016', 'ĶĮ»õ╗ČÕĘźń©ŗ', 'STUDENT', 1, 'huxm@sms.edu.cn');
INSERT INTO `student` VALUES (17, '20230201001', '123456', 'ķāŁÕ«ćĶĮ®', NULL, '21', 'ńöĘ', '13812340017', 'ńĮæń╗£ÕĘźń©ŗ', 'STUDENT', 1, 'guoyx@sms.edu.cn');
INSERT INTO `student` VALUES (18, '20230201002', '123456', 'µóüķøģķØÖ', NULL, '21', 'Õź│', '13812340018', 'ńĮæń╗£ÕĘźń©ŗ', 'STUDENT', 1, 'liangyj@sms.edu.cn');
INSERT INTO `student` VALUES (19, '20230301001', '123456', 'ÕÅČÕ┐ŚĶ▒¬', NULL, '21', 'ńöĘ', '13812340019', 'õ┐Īµü»Õ«ēÕģ©', 'STUDENT', 1, 'yezh@sms.edu.cn');
INSERT INTO `student` VALUES (20, '20230301002', '123456', 'Õå»ķø¬ńÉ¬', NULL, '21', 'Õź│', '13812340020', 'õ┐Īµü»Õ«ēÕģ©', 'STUDENT', 1, 'fengxq@sms.edu.cn');
INSERT INTO `student` VALUES (21, '20250101001', '123456', 'µØÄµó”ńÉ¬', NULL, '18', 'Õź│', '138123400021', 'Ķ«Īń«Śµ£║ń¦æÕŁ”õĖÄµŖĆµ£»', 'STUDENT', 1, NULL);
INSERT INTO `student` VALUES (22, '20250101002', '123456', 'ńÄŗµĄ®ńäČ', NULL, '18', 'ńöĘ', '13812340022', 'Ķ«Īń«Śµ£║ń¦æÕŁ”õĖÄµŖĆµ£»', 'STUDENT', 1, NULL);

-- ----------------------------
-- Table structure for student_admin_class
-- ----------------------------
DROP TABLE IF EXISTS `student_admin_class`;
CREATE TABLE `student_admin_class`  (
  `id` int NOT NULL AUTO_INCREMENT COMMENT 'õĖ╗ķö«ID',
  `student_id` varchar(20) CHARACTER SET utf8mb4 COLLATE utf8mb4_0900_ai_ci NOT NULL COMMENT 'ÕŁ”ÕÅĘ',
  `admin_class_id` int NOT NULL COMMENT 'ĶĪīµö┐ńÅŁID',
  `enroll_year` varchar(10) CHARACTER SET utf8mb4 COLLATE utf8mb4_0900_ai_ci NOT NULL COMMENT 'ÕģźÕŁ”Õ╣┤õ╗Į',
  `status` int NULL DEFAULT 1 COMMENT 'ńŖČµĆü’╝Ü1-Õ£©Ķ»╗’╝ī2-õ╝æÕŁ”’╝ī3-ķĆĆÕŁ”’╝ī4-µ»ĢõĖÜ',
  PRIMARY KEY (`id`) USING BTREE,
  UNIQUE INDEX `uk_student_class`(`student_id` ASC, `admin_class_id` ASC) USING BTREE
) ENGINE = InnoDB AUTO_INCREMENT = 21 CHARACTER SET = utf8mb4 COLLATE = utf8mb4_0900_ai_ci COMMENT = 'ÕŁ”ńö¤ĶĪīµö┐ńÅŁÕģ│ĶüöĶĪ©' ROW_FORMAT = Dynamic;

-- ----------------------------
-- Records of student_admin_class
-- ----------------------------
INSERT INTO `student_admin_class` VALUES (1, '20240101001', 1, '2024', 1);
INSERT INTO `student_admin_class` VALUES (2, '20240101002', 1, '2024', 1);
INSERT INTO `student_admin_class` VALUES (3, '20240101003', 1, '2024', 1);
INSERT INTO `student_admin_class` VALUES (4, '20240102001', 2, '2024', 1);
INSERT INTO `student_admin_class` VALUES (5, '20240102002', 2, '2024', 1);
INSERT INTO `student_admin_class` VALUES (6, '20240201001', 3, '2024', 1);
INSERT INTO `student_admin_class` VALUES (7, '20240201002', 3, '2024', 1);
INSERT INTO `student_admin_class` VALUES (8, '20240301001', 1, '2024', 1);
INSERT INTO `student_admin_class` VALUES (9, '20240301002', 1, '2024', 1);
INSERT INTO `student_admin_class` VALUES (10, '20240401001', 2, '2024', 1);
INSERT INTO `student_admin_class` VALUES (11, '20240401002', 2, '2024', 1);
INSERT INTO `student_admin_class` VALUES (12, '20240402001', 3, '2024', 1);
INSERT INTO `student_admin_class` VALUES (13, '20240402002', 3, '2024', 1);
INSERT INTO `student_admin_class` VALUES (14, '20230101001', 4, '2023', 1);
INSERT INTO `student_admin_class` VALUES (15, '20230101002', 4, '2023', 1);
INSERT INTO `student_admin_class` VALUES (16, '20230102001', 5, '2023', 1);
INSERT INTO `student_admin_class` VALUES (17, '20230201001', 5, '2023', 1);
INSERT INTO `student_admin_class` VALUES (18, '20230201002', 5, '2023', 1);
INSERT INTO `student_admin_class` VALUES (19, '20230301001', 4, '2023', 1);
INSERT INTO `student_admin_class` VALUES (20, '20230301002', 4, '2023', 1);

-- ----------------------------
-- Table structure for student_course
-- ----------------------------
DROP TABLE IF EXISTS `student_course`;
CREATE TABLE `student_course`  (
  `id` int NOT NULL AUTO_INCREMENT,
  `studentId` varchar(255) CHARACTER SET utf8mb3 COLLATE utf8mb3_general_ci NULL DEFAULT NULL,
  `courseId` varchar(255) CHARACTER SET utf8mb3 COLLATE utf8mb3_general_ci NULL DEFAULT NULL,
  `teaching_class_id` int NULL DEFAULT NULL COMMENT 'µĢÖÕŁ”ńÅŁID',
  `academic_year_id` int NULL DEFAULT NULL COMMENT 'ÕŁ”Õ╣┤ÕŁ”µ£¤ID',
  `score` double NULL DEFAULT NULL COMMENT 'µłÉń╗®',
  `teacherId` varchar(20) CHARACTER SET utf8mb3 COLLATE utf8mb3_general_ci NULL DEFAULT NULL,
  `teacherName` varchar(50) CHARACTER SET utf8mb3 COLLATE utf8mb3_general_ci NULL DEFAULT NULL,
  `status` int NULL DEFAULT 1,
  `is_makeup` int NULL DEFAULT 0 COMMENT 'µś»ÕÉ”ĶĪźĶĆā’╝Ü0-ÕÉ”’╝ī1-µś»',
  `original_score` double NULL DEFAULT NULL COMMENT 'ÕÄ¤Õ¦ŗµłÉń╗®’╝łĶĪźĶĆāÕēŹ’╝ē',
  PRIMARY KEY (`id`) USING BTREE,
  INDEX `idx_student_course`(`studentId` ASC, `courseId` ASC) USING BTREE
) ENGINE = InnoDB AUTO_INCREMENT = 10 CHARACTER SET = utf8mb3 COLLATE = utf8mb3_general_ci ROW_FORMAT = Dynamic;

-- ----------------------------
-- Records of student_course
-- ----------------------------
INSERT INTO `student_course` VALUES (7, '20240101001', '2', NULL, NULL, 59, 'T2024002', 'µØÄÕŹÄ', 1, 0, NULL);
INSERT INTO `student_course` VALUES (8, '20240101001', '1', NULL, NULL, 85, 'T2024001', 'Õ╝ĀµśÄ', 1, 0, NULL);

-- ----------------------------
-- Table structure for system_config
-- ----------------------------
DROP TABLE IF EXISTS `system_config`;
CREATE TABLE `system_config`  (
  `id` int NOT NULL AUTO_INCREMENT COMMENT 'õĖ╗ķö«ID',
  `config_key` varchar(255) CHARACTER SET utf8mb4 COLLATE utf8mb4_0900_ai_ci NOT NULL COMMENT 'ķģŹńĮ«ķö«',
  `config_value` varchar(255) CHARACTER SET utf8mb4 COLLATE utf8mb4_0900_ai_ci NULL DEFAULT NULL COMMENT 'ķģŹńĮ«ÕĆ╝',
  `description` varchar(500) CHARACTER SET utf8mb4 COLLATE utf8mb4_0900_ai_ci NULL DEFAULT NULL COMMENT 'µÅÅĶ┐░',
  PRIMARY KEY (`id`) USING BTREE,
  UNIQUE INDEX `uk_config_key`(`config_key` ASC) USING BTREE
) ENGINE = InnoDB AUTO_INCREMENT = 3 CHARACTER SET = utf8mb4 COLLATE = utf8mb4_0900_ai_ci COMMENT = 'ń│╗ń╗¤ķģŹńĮ«ĶĪ©' ROW_FORMAT = Dynamic;

-- ----------------------------
-- Records of system_config
-- ----------------------------
INSERT INTO `system_config` VALUES (1, 'course_selection_enabled', 'true', 'ķĆēĶ»ŠÕŖ¤ĶāĮÕ╝ĆÕģ│’╝Ütrue-Õ╝ĆÕÉ»’╝īfalse-Õģ│ķŚŁ');
INSERT INTO `system_config` VALUES (2, 'teacher_score_entry_enabled', 'false', 'µĢÖÕĖłÕĮĢÕģźµłÉń╗®Õ╝ĆÕģ│’╝Ütrue-Õ╝ĆÕÉ»’╝īfalse-Õģ│ķŚŁ');

-- ----------------------------
-- Table structure for teacher
-- ----------------------------
DROP TABLE IF EXISTS `teacher`;
CREATE TABLE `teacher`  (
  `id` int NOT NULL AUTO_INCREMENT COMMENT 'ID',
  `username` varchar(255) CHARACTER SET utf8mb4 COLLATE utf8mb4_unicode_ci NULL DEFAULT NULL COMMENT 'Ķ┤”ÕÅĘ',
  `password` varchar(255) CHARACTER SET utf8mb4 COLLATE utf8mb4_unicode_ci NULL DEFAULT NULL COMMENT 'Õ»åńĀü',
  `name` varchar(255) CHARACTER SET utf8mb4 COLLATE utf8mb4_unicode_ci NULL DEFAULT NULL COMMENT 'Õ¦ōÕÉŹ',
  `avatar` varchar(255) CHARACTER SET utf8mb4 COLLATE utf8mb4_unicode_ci NULL DEFAULT NULL COMMENT 'Õż┤ÕāÅ',
  `gender` varchar(255) CHARACTER SET utf8mb4 COLLATE utf8mb4_unicode_ci NULL DEFAULT NULL COMMENT 'µĆ¦Õł½',
  `phone` varchar(255) CHARACTER SET utf8mb4 COLLATE utf8mb4_unicode_ci NULL DEFAULT NULL COMMENT 'ńöĄĶ»Ø',
  `role` varchar(255) CHARACTER SET utf8mb4 COLLATE utf8mb4_unicode_ci NULL DEFAULT NULL COMMENT 'Ķ¦ÆĶē▓',
  `status` int NULL DEFAULT 0 COMMENT 'Õ«ĪµĀĖńŖČµĆü’╝Ü0-ÕŠģÕ«ĪµĀĖ’╝ī1-ÕĘ▓ķĆÜĶ┐ć’╝ī2-ÕĘ▓µŗÆń╗Ø',
  `email` varchar(255) CHARACTER SET utf8mb4 COLLATE utf8mb4_unicode_ci NULL DEFAULT NULL,
  PRIMARY KEY (`id`) USING BTREE,
  UNIQUE INDEX `username`(`username` ASC) USING BTREE
) ENGINE = InnoDB AUTO_INCREMENT = 21 CHARACTER SET = utf8mb4 COLLATE = utf8mb4_unicode_ci COMMENT = 'µĢÖÕĖłõ┐Īµü»' ROW_FORMAT = DYNAMIC;

-- ----------------------------
-- Records of teacher
-- ----------------------------
INSERT INTO `teacher` VALUES (1, 'T2024001', '123456789ok', 'Õ╝ĀµśÄ', 'http://localhost:9090/files/download/1776596101549-0d19b52d7e475569095d0400858eec.jpg', 'ńöĘ', '13912341001', 'TEACHER', 1, 'zhangming@cs.edu.cn');
INSERT INTO `teacher` VALUES (2, 'T2024002', '123456', 'µØÄÕŹÄ', NULL, 'Õź│', '13912341002', 'TEACHER', 1, 'lihua@cs.edu.cn');
INSERT INTO `teacher` VALUES (3, 'T2024003', '123456', 'ńÄŗÕ╝║', NULL, 'ńöĘ', '13912341003', 'TEACHER', 1, 'wangqiang@cs.edu.cn');
INSERT INTO `teacher` VALUES (4, 'T2024004', '123456', 'ÕłśĶŖ│', NULL, 'Õź│', '13912341004', 'TEACHER', 1, 'liufang@cs.edu.cn');
INSERT INTO `teacher` VALUES (5, 'T2024005', '123456', 'ķÖłµśÄõ║«', NULL, 'ńöĘ', '13912341005', 'TEACHER', 1, 'chenmingliang@cs.edu.cn');
INSERT INTO `teacher` VALUES (6, 'T2024006', '123456', 'ĶĄĄÕ░Åń║ó', NULL, 'Õź│', '13912341006', 'TEACHER', 1, 'zhaoxiaohong@cs.edu.cn');
INSERT INTO `teacher` VALUES (7, 'T2024007', '123456', 'ķÆ▒Õ╗║ÕøĮ', NULL, 'ńöĘ', '13912341007', 'TEACHER', 1, 'qianjianguo@cs.edu.cn');
INSERT INTO `teacher` VALUES (8, 'T2024008', '123456', 'ÕŁÖõĖĮ', NULL, 'Õź│', '13912341008', 'TEACHER', 1, 'sunli@cs.edu.cn');
INSERT INTO `teacher` VALUES (9, 'T2024009', '123456', 'Õæ©Õ╗║ÕøĮ', NULL, 'ńöĘ', '13912341009', 'TEACHER', 1, 'zhoujianguo@cs.edu.cn');
INSERT INTO `teacher` VALUES (10, 'T2024010', '123456', 'ÕÉ┤µĢÅ', NULL, 'Õź│', '13912341010', 'TEACHER', 1, 'wumin@cs.edu.cn');
INSERT INTO `teacher` VALUES (11, 'T2024011', '123456', 'ķāæÕŹÄ', NULL, 'ńöĘ', '13912341011', 'TEACHER', 1, 'zhenghua@cs.edu.cn');
INSERT INTO `teacher` VALUES (12, 'T2024012', '123456', 'ķ╗äõĖĮ', NULL, 'Õź│', '13912341012', 'TEACHER', 1, 'huangli@cs.edu.cn');
INSERT INTO `teacher` VALUES (13, 'T2024013', '123456', 'ķ®¼Õ╗║ÕøĮ', NULL, 'ńöĘ', '13912341013', 'TEACHER', 1, 'majiguo@cs.edu.cn');
INSERT INTO `teacher` VALUES (14, 'T2024014', '123456', 'µ£▒µĢÅ', NULL, 'Õź│', '13912341014', 'TEACHER', 1, 'zhumin@cs.edu.cn');
INSERT INTO `teacher` VALUES (15, 'T2024015', '123456', 'ĶāĪÕŹÄ', NULL, 'ńöĘ', '13912341015', 'TEACHER', 1, 'huhua@cs.edu.cn');
INSERT INTO `teacher` VALUES (16, 'T2024016', '123456', 'µ×ŚõĖĮ', NULL, 'Õź│', '13912341016', 'TEACHER', 1, 'linli@cs.edu.cn');
INSERT INTO `teacher` VALUES (17, 'T2024017', '123456', 'ķāŁÕ╗║ÕøĮ', NULL, 'ńöĘ', '13912341017', 'TEACHER', 1, 'guojianguo@cs.edu.cn');
INSERT INTO `teacher` VALUES (18, 'T2024018', '123456', 'µóüµĢÅ', NULL, 'Õź│', '13912341018', 'TEACHER', 1, 'liangmin@cs.edu.cn');
INSERT INTO `teacher` VALUES (19, 'T2024019', '123456', 'Ķ░óÕŹÄ', NULL, 'ńöĘ', '13912341019', 'TEACHER', 1, 'xiehua@cs.edu.cn');
INSERT INTO `teacher` VALUES (20, 'T2024020', '123456', 'Õ«ŗõĖĮ', NULL, 'Õź│', '13912341020', 'TEACHER', 1, 'songli@cs.edu.cn');

-- ----------------------------
-- Table structure for teaching_class
-- ----------------------------
DROP TABLE IF EXISTS `teaching_class`;
CREATE TABLE `teaching_class`  (
  `id` int NOT NULL AUTO_INCREMENT COMMENT 'õĖ╗ķö«ID',
  `class_code` varchar(50) CHARACTER SET utf8mb4 COLLATE utf8mb4_0900_ai_ci NOT NULL COMMENT 'µĢÖÕŁ”ńÅŁń╝¢ÕÅĘ’╝īÕ”é CS101-2024-1-01',
  `course_id` int NOT NULL COMMENT 'Õģ│ĶüöĶ»Šń©ŗID',
  `academic_year_id` int NOT NULL COMMENT 'Õģ│ĶüöÕŁ”Õ╣┤ÕŁ”µ£¤ID',
  `capacity` int NULL DEFAULT 50 COMMENT 'Õ«╣ķćÅ',
  `selected_count` int NULL DEFAULT 0 COMMENT 'ÕĘ▓ķĆēõ║║µĢ░',
  `location` varchar(100) CHARACTER SET utf8mb4 COLLATE utf8mb4_0900_ai_ci NULL DEFAULT NULL COMMENT 'õĖŖĶ»ŠÕ£░ńé╣',
  `schedule` varchar(200) CHARACTER SET utf8mb4 COLLATE utf8mb4_0900_ai_ci NULL DEFAULT NULL COMMENT 'õĖŖĶ»ŠµŚČķŚ┤’╝īÕ”é Õæ©õĖĆ 3-4ĶŖé',
  `status` int NULL DEFAULT 1 COMMENT 'ńŖČµĆü’╝Ü0-µ£¬Õ╝ĆÕÉ»’╝ī1-ÕĘ▓Õ╝ĆÕÉ»’╝ī2-ÕĘ▓ń╗ōµØ¤',
  PRIMARY KEY (`id`) USING BTREE,
  UNIQUE INDEX `uk_class_code`(`class_code` ASC) USING BTREE
) ENGINE = InnoDB AUTO_INCREMENT = 6 CHARACTER SET = utf8mb4 COLLATE = utf8mb4_0900_ai_ci COMMENT = 'µĢÖÕŁ”ńÅŁĶĪ©' ROW_FORMAT = Dynamic;

-- ----------------------------
-- Records of teaching_class
-- ----------------------------
INSERT INTO `teaching_class` VALUES (1, 'CS101-2024-1-01', 1, 1, 50, 0, 'A101', 'Õæ©õĖĆ 3-4ĶŖé', 1);
INSERT INTO `teaching_class` VALUES (2, 'CS101-2024-1-02', 1, 1, 40, 0, 'A102', 'Õæ©õ║ī 5-6ĶŖé', 1);
INSERT INTO `teaching_class` VALUES (3, 'CS102-2024-1-01', 2, 1, 50, 0, 'B201', 'Õæ©õĖē 1-2ĶŖé', 1);
INSERT INTO `teaching_class` VALUES (4, 'CS103-2024-1-01', 5, 1, 60, 0, 'C301', 'Õæ©Õøø 3-4ĶŖé', 1);
INSERT INTO `teaching_class` VALUES (5, 'CS104-2024-1-01', 11, 1, 45, 0, 'D401', 'Õæ©õ║ö 1-2ĶŖé', 1);

SET FOREIGN_KEY_CHECKS = 1;
