/*
 Navicat Premium Data Transfer

 Source Server         : forbishesms
 Source Server Type    : MySQL
 Source Server Version : 80042 (8.0.42)
 Source Host           : localhost:3306
 Source Schema         : sms

 Target Server Type    : MySQL
 Target Server Version : 80042 (8.0.42)
 File Encoding         : 65001

 Date: 21/04/2026 20:16:31
*/

SET NAMES utf8mb4;
SET FOREIGN_KEY_CHECKS = 0;

-- ----------------------------
-- Table structure for academic_year
-- ----------------------------
DROP TABLE IF EXISTS `academic_year`;
CREATE TABLE `academic_year`  (
  `id` int NOT NULL AUTO_INCREMENT COMMENT 'дё»й”®ID',
  `year` varchar(20) CHARACTER SET utf8mb4 COLLATE utf8mb4_0900_ai_ci NOT NULL COMMENT 'еӯҰе№ҙпјҢеҰӮ 2024-2025',
  `semester` int NOT NULL COMMENT 'еӯҰжңҹпјҡ1-з¬¬дёҖеӯҰжңҹпјҢ2-з¬¬дәҢеӯҰжңҹ',
  `start_date` date NULL DEFAULT NULL COMMENT 'еӯҰжңҹејҖе§Ӣж—Ҙжңҹ',
  `end_date` date NULL DEFAULT NULL COMMENT 'еӯҰжңҹз»“жқҹж—Ҙжңҹ',
  `selection_start` datetime NULL DEFAULT NULL COMMENT 'йҖүиҜҫејҖе§Ӣж—¶й—ҙ',
  `selection_end` datetime NULL DEFAULT NULL COMMENT 'йҖүиҜҫз»“жқҹж—¶й—ҙ',
  `status` int NULL DEFAULT 1 COMMENT 'зҠ¶жҖҒпјҡ0-жңӘејҖеҗҜпјҢ1-иҝӣиЎҢдёӯпјҢ2-е·Із»“жқҹ',
  PRIMARY KEY (`id`) USING BTREE,
  UNIQUE INDEX `uk_year_semester`(`year` ASC, `semester` ASC) USING BTREE
) ENGINE = InnoDB AUTO_INCREMENT = 3 CHARACTER SET = utf8mb4 COLLATE = utf8mb4_0900_ai_ci COMMENT = 'еӯҰе№ҙеӯҰжңҹиЎЁ' ROW_FORMAT = Dynamic;

-- ----------------------------
-- Records of academic_year
-- ----------------------------
INSERT INTO `academic_year` VALUES (1, '2024-2025', 1, '2024-09-01', '2025-01-15', '2024-08-01 00:00:00', '2024-08-31 23:59:59', 2);
INSERT INTO `academic_year` VALUES (2, '2024-2025', 2, '2025-02-20', '2025-07-15', '2025-02-01 00:00:00', '2025-02-28 23:59:59', 0);

-- ----------------------------
-- Table structure for activity_log
-- ----------------------------
DROP TABLE IF EXISTS `activity_log`;
CREATE TABLE `activity_log`  (
  `id` int NOT NULL AUTO_INCREMENT,
  `operate_time` datetime NOT NULL,
  `operate_type` varchar(50) CHARACTER SET utf8mb4 COLLATE utf8mb4_unicode_ci NOT NULL,
  `operate_user` varchar(50) CHARACTER SET utf8mb4 COLLATE utf8mb4_unicode_ci NOT NULL,
  `description` varchar(500) CHARACTER SET utf8mb4 COLLATE utf8mb4_unicode_ci NOT NULL,
  `user_type` varchar(20) CHARACTER SET utf8mb4 COLLATE utf8mb4_unicode_ci NOT NULL,
  PRIMARY KEY (`id`) USING BTREE,
  INDEX `idx_operate_time`(`operate_time` ASC) USING BTREE
) ENGINE = InnoDB AUTO_INCREMENT = 56 CHARACTER SET = utf8mb4 COLLATE = utf8mb4_unicode_ci ROW_FORMAT = Dynamic;

-- ----------------------------
-- Records of activity_log
-- ----------------------------
INSERT INTO `activity_log` VALUES (1, '2026-04-19 17:06:31', 'зҷ»еҪ•', '20240101001', 'еӯҰз”ҹ 20240101001 зҷ»еҪ•зі»з»ҹ', 'STUDENT');
INSERT INTO `activity_log` VALUES (2, '2026-04-19 18:54:46', 'зҷ»еҪ•', 'T2024001', 'ж•ҷеёҲ T2024001 зҷ»еҪ•зі»з»ҹ', 'TEACHER');
INSERT INTO `activity_log` VALUES (3, '2026-04-19 19:16:16', 'з”ЁжҲ·', 'admin', 'дҝ®ж”№з®ЎзҗҶе‘ҳ admin зҡ„дҝЎжҒҜ', 'ADMIN');
INSERT INTO `activity_log` VALUES (4, '2026-04-19 19:33:35', 'зҷ»еҪ•', 'T2024002', 'ж•ҷеёҲ T2024002 зҷ»еҪ•зі»з»ҹ', 'TEACHER');
INSERT INTO `activity_log` VALUES (5, '2026-04-19 19:33:54', 'зҷ»еҪ•', 'T2024001', 'ж•ҷеёҲ T2024001 зҷ»еҪ•зі»з»ҹ', 'TEACHER');
INSERT INTO `activity_log` VALUES (6, '2026-04-19 19:36:14', 'зҷ»еҪ•', 'T2024001', 'ж•ҷеёҲ T2024001 зҷ»еҪ•зі»з»ҹ', 'TEACHER');
INSERT INTO `activity_log` VALUES (7, '2026-04-19 19:36:43', 'йҖүиҜҫ', '20240101001', 'еӯҰз”ҹ 20240101001 з”іиҜ·йҖүиҜҫ', 'STUDENT');
INSERT INTO `activity_log` VALUES (8, '2026-04-19 19:37:12', 'йҖүиҜҫ', '20240101001', 'еӯҰз”ҹ 20240101001 з”іиҜ·йҖүиҜҫ', 'STUDENT');
INSERT INTO `activity_log` VALUES (9, '2026-04-19 19:37:20', 'йҖүиҜҫ', '20240101001', 'еӯҰз”ҹ 20240101001 з”іиҜ·йҖүиҜҫ', 'STUDENT');
INSERT INTO `activity_log` VALUES (10, '2026-04-19 19:37:25', 'йҖүиҜҫ', '20240101001', 'еӯҰз”ҹ 20240101001 з”іиҜ·йҖүиҜҫ', 'STUDENT');
INSERT INTO `activity_log` VALUES (11, '2026-04-19 19:38:28', 'йҖүиҜҫ', 'admin', 'жү№еҮҶйҖүиҜҫз”іиҜ·', 'ADMIN');
INSERT INTO `activity_log` VALUES (12, '2026-04-19 19:38:28', 'йҖүиҜҫ', 'admin', 'жү№еҮҶйҖүиҜҫз”іиҜ·', 'ADMIN');
INSERT INTO `activity_log` VALUES (13, '2026-04-19 19:38:29', 'йҖүиҜҫ', 'admin', 'жү№еҮҶйҖүиҜҫз”іиҜ·', 'ADMIN');
INSERT INTO `activity_log` VALUES (14, '2026-04-19 19:38:29', 'йҖүиҜҫ', 'admin', 'жү№еҮҶйҖүиҜҫз”іиҜ·', 'ADMIN');
INSERT INTO `activity_log` VALUES (15, '2026-04-19 19:39:21', 'жҲҗз»©', 'admin', 'дёәеӯҰз”ҹж·»еҠ иҜҫзЁӢжҲҗз»©', 'ADMIN');
INSERT INTO `activity_log` VALUES (16, '2026-04-19 19:44:33', 'йҖүиҜҫ', '20240101001', 'еӯҰз”ҹ 20240101001 з”іиҜ·йҖүиҜҫ', 'STUDENT');
INSERT INTO `activity_log` VALUES (17, '2026-04-19 19:44:52', 'йҖүиҜҫ', 'admin', 'жү№еҮҶйҖүиҜҫз”іиҜ·', 'ADMIN');
INSERT INTO `activity_log` VALUES (18, '2026-04-19 19:45:21', 'жҲҗз»©', 'admin', 'дёәеӯҰз”ҹж·»еҠ иҜҫзЁӢжҲҗз»©', 'ADMIN');
INSERT INTO `activity_log` VALUES (19, '2026-04-19 19:45:53', 'жҲҗз»©', 'admin', 'дёәеӯҰз”ҹж·»еҠ иҜҫзЁӢжҲҗз»©', 'ADMIN');
INSERT INTO `activity_log` VALUES (20, '2026-04-19 19:46:06', 'йҖүиҜҫ', '20240101001', 'еӯҰз”ҹ 20240101001 з”іиҜ·йҖүиҜҫ', 'STUDENT');
INSERT INTO `activity_log` VALUES (21, '2026-04-19 19:46:08', 'йҖүиҜҫ', '20240101001', 'еӯҰз”ҹ 20240101001 з”іиҜ·йҖүиҜҫ', 'STUDENT');
INSERT INTO `activity_log` VALUES (22, '2026-04-19 19:46:12', 'йҖүиҜҫ', 'admin', 'жү№еҮҶйҖүиҜҫз”іиҜ·', 'ADMIN');
INSERT INTO `activity_log` VALUES (23, '2026-04-19 19:46:13', 'йҖүиҜҫ', 'admin', 'жү№еҮҶйҖүиҜҫз”іиҜ·', 'ADMIN');
INSERT INTO `activity_log` VALUES (24, '2026-04-19 19:50:22', 'йҖүиҜҫ', '20240101001', 'еӯҰз”ҹ 20240101001 з”іиҜ·йҖүиҜҫ', 'STUDENT');
INSERT INTO `activity_log` VALUES (25, '2026-04-19 19:50:23', 'йҖүиҜҫ', '20240101001', 'еӯҰз”ҹ 20240101001 з”іиҜ·йҖүиҜҫ', 'STUDENT');
INSERT INTO `activity_log` VALUES (26, '2026-04-19 19:50:32', 'йҖүиҜҫ', 'admin', 'жү№еҮҶйҖүиҜҫз”іиҜ·', 'ADMIN');
INSERT INTO `activity_log` VALUES (27, '2026-04-19 19:50:33', 'йҖүиҜҫ', 'admin', 'жү№еҮҶйҖүиҜҫз”іиҜ·', 'ADMIN');
INSERT INTO `activity_log` VALUES (28, '2026-04-19 20:07:57', 'йҖүиҜҫ', '20240101001', 'еӯҰз”ҹ 20240101001 з”іиҜ·йҖүиҜҫ', 'STUDENT');
INSERT INTO `activity_log` VALUES (29, '2026-04-19 20:07:59', 'йҖүиҜҫ', '20240101001', 'еӯҰз”ҹ 20240101001 з”іиҜ·йҖүиҜҫ', 'STUDENT');
INSERT INTO `activity_log` VALUES (30, '2026-04-19 20:08:12', 'йҖүиҜҫ', 'admin', 'жү№еҮҶйҖүиҜҫз”іиҜ·', 'ADMIN');
INSERT INTO `activity_log` VALUES (31, '2026-04-19 20:08:12', 'йҖүиҜҫ', 'admin', 'жү№еҮҶйҖүиҜҫз”іиҜ·', 'ADMIN');
INSERT INTO `activity_log` VALUES (32, '2026-04-19 20:08:54', 'жҲҗз»©', 'admin', 'дҝ®ж”№еӯҰз”ҹиҜҫзЁӢжҲҗз»©', 'ADMIN');
INSERT INTO `activity_log` VALUES (33, '2026-04-19 20:10:22', 'йҖүиҜҫ', '20240101001', 'еӯҰз”ҹ 20240101001 з”іиҜ·йҖүиҜҫ', 'STUDENT');
INSERT INTO `activity_log` VALUES (34, '2026-04-19 20:10:29', 'йҖүиҜҫ', '20240101001', 'еӯҰз”ҹ 20240101001 з”іиҜ·йҖүиҜҫ', 'STUDENT');
INSERT INTO `activity_log` VALUES (35, '2026-04-19 20:10:38', 'йҖүиҜҫ', 'admin', 'жӢ’з»қйҖүиҜҫз”іиҜ·', 'ADMIN');
INSERT INTO `activity_log` VALUES (36, '2026-04-19 20:10:38', 'йҖүиҜҫ', 'admin', 'жӢ’з»қйҖүиҜҫз”іиҜ·', 'ADMIN');
INSERT INTO `activity_log` VALUES (37, '2026-04-19 21:16:41', 'зҷ»еҪ•', '20240101001', 'еӯҰз”ҹ 20240101001 зҷ»еҪ•зі»з»ҹ', 'STUDENT');
INSERT INTO `activity_log` VALUES (38, '2026-04-19 21:20:33', 'зҷ»еҪ•', '20240101002', 'еӯҰз”ҹ 20240101002 зҷ»еҪ•зі»з»ҹ', 'STUDENT');
INSERT INTO `activity_log` VALUES (39, '2026-04-19 21:24:46', 'зҷ»еҪ•', 'T2024002', 'ж•ҷеёҲ T2024002 зҷ»еҪ•зі»з»ҹ', 'TEACHER');
INSERT INTO `activity_log` VALUES (40, '2026-04-19 21:37:29', 'жҲҗз»©', 'admin', 'дҝ®ж”№еӯҰз”ҹиҜҫзЁӢжҲҗз»©', 'ADMIN');
INSERT INTO `activity_log` VALUES (41, '2026-04-19 21:38:08', 'йҖүиҜҫ', '20240101001', 'еӯҰз”ҹ 20240101001 з”іиҜ·йҖүиҜҫ', 'STUDENT');
INSERT INTO `activity_log` VALUES (42, '2026-04-19 21:38:14', 'йҖүиҜҫ', 'admin', 'жү№еҮҶйҖүиҜҫз”іиҜ·', 'ADMIN');
INSERT INTO `activity_log` VALUES (43, '2026-04-19 21:38:29', 'йҖҖиҜҫ', '20240101001', 'еӯҰз”ҹ 20240101001 жҸҗдәӨйҖҖиҜҫз”іиҜ·', 'STUDENT');
INSERT INTO `activity_log` VALUES (44, '2026-04-19 21:44:59', 'йҖҖиҜҫ', 'admin', 'жү№еҮҶйҖҖиҜҫз”іиҜ·', 'ADMIN');
INSERT INTO `activity_log` VALUES (45, '2026-04-19 22:03:07', 'з”ЁжҲ·', 'admin', 'жү№йҮҸеҜје…ҘеӯҰз”ҹ', 'ADMIN');
INSERT INTO `activity_log` VALUES (46, '2026-04-21 12:38:40', 'зҷ»еҪ•', 'admin', 'з®ЎзҗҶе‘ҳ admin зҷ»еҪ•зі»з»ҹ', 'ADMIN');
INSERT INTO `activity_log` VALUES (47, '2026-04-21 12:41:03', 'зі»з»ҹ', 'admin', 'дҝ®ж”№еӯҰе№ҙеӯҰжңҹ 2024-2025 з¬¬1еӯҰжңҹ', 'ADMIN');
INSERT INTO `activity_log` VALUES (48, '2026-04-21 15:29:47', 'зҷ»еҪ•', '20240101001', 'еӯҰз”ҹ 20240101001 зҷ»еҪ•зі»з»ҹ', 'STUDENT');
INSERT INTO `activity_log` VALUES (49, '2026-04-21 18:38:16', 'зҷ»еҪ•', '20240101001', 'еӯҰз”ҹ 20240101001 зҷ»еҪ•зі»з»ҹ', 'STUDENT');
INSERT INTO `activity_log` VALUES (50, '2026-04-21 18:59:57', 'зі»з»ҹ', 'admin', 'ж–°еўһиЎҢж”ҝзҸӯ 2025зә§и®Ўз®—жңәз§‘еӯҰдёҺжҠҖжңҜ1зҸӯ', 'ADMIN');
INSERT INTO `activity_log` VALUES (51, '2026-04-21 19:17:59', 'зі»з»ҹ', 'admin', 'еҲ йҷӨж•ҷеӯҰзҸӯ null', 'ADMIN');
INSERT INTO `activity_log` VALUES (52, '2026-04-21 19:18:07', 'зі»з»ҹ', 'admin', 'еҲ йҷӨж•ҷеӯҰзҸӯ null', 'ADMIN');
INSERT INTO `activity_log` VALUES (53, '2026-04-21 19:18:11', 'зі»з»ҹ', 'admin', 'еҲ йҷӨж•ҷеӯҰзҸӯ null', 'ADMIN');
INSERT INTO `activity_log` VALUES (54, '2026-04-21 19:18:13', 'зі»з»ҹ', 'admin', 'еҲ йҷӨж•ҷеӯҰзҸӯ null', 'ADMIN');
INSERT INTO `activity_log` VALUES (55, '2026-04-21 19:32:58', 'зі»з»ҹ', 'admin', 'дҝ®ж”№ж•ҷеӯҰзҸӯ CS104-2024-1-01', 'ADMIN');

-- ----------------------------
-- Table structure for admin
-- ----------------------------
DROP TABLE IF EXISTS `admin`;
CREATE TABLE `admin`  (
  `id` int NOT NULL AUTO_INCREMENT COMMENT 'ID',
  `username` varchar(255) CHARACTER SET utf8mb4 COLLATE utf8mb4_unicode_ci NULL DEFAULT NULL COMMENT 'иҙҰеҸ·',
  `password` varchar(255) CHARACTER SET utf8mb4 COLLATE utf8mb4_unicode_ci NULL DEFAULT NULL COMMENT 'еҜҶз Ғ',
  `name` varchar(255) CHARACTER SET utf8mb4 COLLATE utf8mb4_unicode_ci NULL DEFAULT NULL COMMENT 'еҗҚз§°',
  `avatar` varchar(255) CHARACTER SET utf8mb4 COLLATE utf8mb4_unicode_ci NULL DEFAULT NULL COMMENT 'еӨҙеғҸ',
  `role` varchar(255) CHARACTER SET utf8mb4 COLLATE utf8mb4_unicode_ci NULL DEFAULT NULL COMMENT 'и§’иүІ',
  PRIMARY KEY (`id`) USING BTREE,
  UNIQUE INDEX `username`(`username` ASC) USING BTREE
) ENGINE = InnoDB AUTO_INCREMENT = 2 CHARACTER SET = utf8mb4 COLLATE = utf8mb4_unicode_ci COMMENT = 'з®ЎзҗҶе‘ҳдҝЎжҒҜ' ROW_FORMAT = DYNAMIC;

-- ----------------------------
-- Records of admin
-- ----------------------------
INSERT INTO `admin` VALUES (1, 'admin', '123456', 'з®ЎзҗҶе‘ҳ', 'http://localhost:9090/files/download/1776597372987-01c539bbcd0e069fb6775758d32e7f.jpg', 'ADMIN');

-- ----------------------------
-- Table structure for admin_class
-- ----------------------------
DROP TABLE IF EXISTS `admin_class`;
CREATE TABLE `admin_class`  (
  `id` int NOT NULL AUTO_INCREMENT COMMENT 'дё»й”®ID',
  `grade` varchar(10) CHARACTER SET utf8mb4 COLLATE utf8mb4_0900_ai_ci NOT NULL COMMENT 'е№ҙзә§пјҢеҰӮ 2024',
  `major` varchar(100) CHARACTER SET utf8mb4 COLLATE utf8mb4_0900_ai_ci NOT NULL COMMENT 'дё“дёҡ',
  `class_name` varchar(50) CHARACTER SET utf8mb4 COLLATE utf8mb4_0900_ai_ci NOT NULL COMMENT 'зҸӯзә§еҗҚз§°пјҢеҰӮ и®Ўз®—жңә1зҸӯ',
  `class_code` varchar(50) CHARACTER SET utf8mb4 COLLATE utf8mb4_0900_ai_ci NOT NULL COMMENT 'зҸӯзә§д»Јз ҒпјҢеҰӮ CS2024-1',
  `counselor_id` varchar(20) CHARACTER SET utf8mb4 COLLATE utf8mb4_0900_ai_ci NULL DEFAULT NULL COMMENT 'иҫ…еҜје‘ҳ/зҸӯдё»д»»е·ҘеҸ·',
  PRIMARY KEY (`id`) USING BTREE,
  UNIQUE INDEX `uk_class_code`(`class_code` ASC) USING BTREE
) ENGINE = InnoDB AUTO_INCREMENT = 10 CHARACTER SET = utf8mb4 COLLATE = utf8mb4_0900_ai_ci COMMENT = 'иЎҢж”ҝзҸӯиЎЁ' ROW_FORMAT = Dynamic;

-- ----------------------------
-- Records of admin_class
-- ----------------------------
INSERT INTO `admin_class` VALUES (1, '2024', 'и®Ўз®—жңәз§‘еӯҰдёҺжҠҖжңҜ', '2024зә§и®Ўз®—жңә1зҸӯ', 'CS2024-1', 'T2024001');
INSERT INTO `admin_class` VALUES (2, '2024', 'и®Ўз®—жңәз§‘еӯҰдёҺжҠҖжңҜ', '2024зә§и®Ўз®—жңә2зҸӯ', 'CS2024-2', 'T2024002');
INSERT INTO `admin_class` VALUES (3, '2024', 'иҪҜд»¶е·ҘзЁӢ', '2024зә§иҪҜд»¶е·ҘзЁӢ1зҸӯ', 'SE2024-1', 'T2024003');
INSERT INTO `admin_class` VALUES (4, '2023', 'и®Ўз®—жңәз§‘еӯҰдёҺжҠҖжңҜ', '2023зә§и®Ўз®—жңә1зҸӯ', 'CS2023-1', 'T2024004');
INSERT INTO `admin_class` VALUES (5, '2023', 'иҪҜд»¶е·ҘзЁӢ', '2023зә§иҪҜд»¶е·ҘзЁӢ1зҸӯ', 'SE2023-1', 'T2024005');
INSERT INTO `admin_class` VALUES (9, '2025', 'и®Ўз®—жңәз§‘еӯҰдёҺжҠҖжңҜ', '2025зә§и®Ўз®—жңәз§‘еӯҰдёҺжҠҖжңҜ1зҸӯ', 'CS2025-1', 'T2024006');

-- ----------------------------
-- Table structure for course
-- ----------------------------
DROP TABLE IF EXISTS `course`;
CREATE TABLE `course`  (
  `id` int NOT NULL AUTO_INCREMENT,
  `course_name` varchar(255) CHARACTER SET utf8mb3 COLLATE utf8mb3_general_ci NULL DEFAULT NULL,
  `course_code` varchar(255) CHARACTER SET utf8mb3 COLLATE utf8mb3_general_ci NULL DEFAULT NULL,
  `credit` int NULL DEFAULT NULL,
  `description` varchar(255) CHARACTER SET utf8mb3 COLLATE utf8mb3_general_ci NULL DEFAULT NULL,
  PRIMARY KEY (`id`) USING BTREE
) ENGINE = InnoDB AUTO_INCREMENT = 21 CHARACTER SET = utf8mb3 COLLATE = utf8mb3_general_ci ROW_FORMAT = Dynamic;

-- ----------------------------
-- Records of course
-- ----------------------------
INSERT INTO `course` VALUES (1, 'CиҜӯиЁҖзЁӢеәҸи®ҫи®Ў', 'CS101', 4, 'жң¬иҜҫзЁӢдё»иҰҒи®Іи§ЈCиҜӯиЁҖзҡ„еҹәжң¬иҜӯжі•гҖҒзЁӢеәҸз»“жһ„е’Ңзј–зЁӢж–№жі•пјҢеҹ№е…»еӯҰз”ҹзҡ„зј–зЁӢжҖқз»ҙе’ҢеҠЁжүӢиғҪеҠӣгҖӮ');
INSERT INTO `course` VALUES (2, 'ж•°жҚ®з»“жһ„', 'CS102', 4, 'жң¬иҜҫзЁӢж•ҷжҺҲзәҝжҖ§иЎЁгҖҒж ҲгҖҒйҳҹеҲ—гҖҒж ‘гҖҒеӣҫзӯүеҹәжң¬ж•°жҚ®з»“жһ„зҡ„еҺҹзҗҶе’Ңе®һзҺ°ж–№жі•пјҢд»ҘеҸҠеёёз”ЁжҺ’еәҸе’ҢжҹҘжүҫз®—жі•гҖӮ');
INSERT INTO `course` VALUES (3, 'JavaзЁӢеәҸи®ҫи®Ў', 'CS201', 4, 'жң¬иҜҫзЁӢд»Ӣз»ҚJavaиҜӯиЁҖзҡ„ж ёеҝғжҰӮеҝөгҖҒйқўеҗ‘еҜ№иұЎзј–зЁӢжҖқжғіе’Ңеёёз”Ёзұ»еә“пјҢеҹ№е…»еӯҰз”ҹејҖеҸ‘жЎҢйқўеә”з”Ёе’ҢWebеә”з”Ёзҡ„иғҪеҠӣгҖӮ');
INSERT INTO `course` VALUES (4, 'з®—жі•и®ҫи®ЎдёҺеҲҶжһҗ', 'CS202', 3, 'жң¬иҜҫзЁӢи®Іи§Јеёёз”Ёз®—жі•зҡ„и®ҫи®Ўзӯ–з•ҘгҖҒеӨҚжқӮеәҰеҲҶжһҗж–№жі•пјҢд»ҘеҸҠеҠЁжҖҒи§„еҲ’гҖҒиҙӘеҝғз®—жі•гҖҒеҲҶжІ»жі•зӯүж ёеҝғз®—жі•жҖқжғігҖӮ');
INSERT INTO `course` VALUES (5, 'зҰ»ж•Јж•°еӯҰ', 'CS103', 3, 'жң¬иҜҫзЁӢж¶өзӣ–йӣҶеҗҲи®әгҖҒеӣҫи®әгҖҒж•°зҗҶйҖ»иҫ‘гҖҒеёғе°”д»Јж•°зӯүзҰ»ж•Јж•°еӯҰеҹәзЎҖзҹҘиҜҶпјҢдёәи®Ўз®—жңәдё“дёҡеӯҰд№ еҘ е®ҡзҗҶи®әеҹәзЎҖгҖӮ');
INSERT INTO `course` VALUES (6, 'ж•°жҚ®еә“еҺҹзҗҶдёҺеә”з”Ё', 'CS203', 4, 'жң¬иҜҫзЁӢд»Ӣз»Қе…ізі»еһӢж•°жҚ®еә“зҡ„еҹәжң¬зҗҶи®әгҖҒSQLиҜӯиЁҖгҖҒж•°жҚ®еә“и®ҫи®Ўж–№жі•пјҢд»ҘеҸҠMySQLзӯүдё»жөҒж•°жҚ®еә“зҡ„е®һйҷ…еә”з”ЁгҖӮ');
INSERT INTO `course` VALUES (7, 'и®Ўз®—жңәзҪ‘з»ң', 'CS204', 3, 'жң¬иҜҫзЁӢи®Іи§ЈOSIеҸӮиҖғжЁЎеһӢгҖҒTCP/IPеҚҸи®®ж ҲгҖҒзҪ‘з»ңзј–зЁӢеҹәзЎҖзҹҘиҜҶпјҢд»ҘеҸҠеұҖеҹҹзҪ‘е’Ңдә’иҒ”зҪ‘жҠҖжңҜзҡ„еҺҹзҗҶдёҺеә”з”ЁгҖӮ');
INSERT INTO `course` VALUES (8, 'ж“ҚдҪңзі»з»ҹ', 'CS205', 4, 'жң¬иҜҫзЁӢд»Ӣз»Қж“ҚдҪңзі»з»ҹзҡ„еҹәжң¬жҰӮеҝөгҖҒиҝӣзЁӢз®ЎзҗҶгҖҒеҶ…еӯҳз®ЎзҗҶгҖҒж–Үд»¶зі»з»ҹгҖҒи®ҫеӨҮз®ЎзҗҶзӯүж ёеҝғжЁЎеқ—зҡ„еҺҹзҗҶдёҺе®һзҺ°гҖӮ');
INSERT INTO `course` VALUES (9, 'иҪҜд»¶е·ҘзЁӢ', 'CS301', 3, 'жң¬иҜҫзЁӢж¶өзӣ–иҪҜд»¶е·ҘзЁӢзҡ„з”ҹе‘Ҫе‘ЁжңҹжЁЎеһӢгҖҒйңҖжұӮеҲҶжһҗгҖҒи®ҫи®ЎжЁЎејҸгҖҒиҪҜд»¶жөӢиҜ•гҖҒйЎ№зӣ®з®ЎзҗҶзӯүзҗҶи®әзҹҘиҜҶе’Ңе®һи·өж–№жі•гҖӮ');
INSERT INTO `course` VALUES (10, 'зј–иҜ‘еҺҹзҗҶ', 'CS302', 3, 'жң¬иҜҫзЁӢи®Іи§Јзј–иҜ‘еҷЁзҡ„з»“жһ„гҖҒеҗ„йҳ¶ж®өе·ҘдҪңеҺҹзҗҶпјҢеҢ…жӢ¬иҜҚжі•еҲҶжһҗгҖҒиҜӯжі•еҲҶжһҗгҖҒиҜӯд№үеҲҶжһҗгҖҒд»Јз Ғз”ҹжҲҗдёҺдјҳеҢ–зӯүгҖӮ');
INSERT INTO `course` VALUES (11, 'и®Ўз®—жңәз»„жҲҗеҺҹзҗҶ', 'CS104', 4, 'жң¬иҜҫзЁӢд»Ӣз»Қи®Ўз®—жңәзЎ¬д»¶зі»з»ҹзҡ„з»„жҲҗз»“жһ„гҖҒе·ҘдҪңеҺҹзҗҶпјҢеҢ…жӢ¬ж•°жҚ®зҡ„иЎЁзӨәгҖҒиҝҗз®—еҷЁгҖҒеӯҳеӮЁеҷЁгҖҒжҢҮд»Өзі»з»ҹзӯүгҖӮ');
INSERT INTO `course` VALUES (12, 'PythonзЁӢеәҸи®ҫи®Ў', 'CS105', 3, 'жң¬иҜҫзЁӢж•ҷжҺҲPythonиҜӯиЁҖзҡ„еҹәзЎҖиҜӯжі•гҖҒж•°жҚ®зұ»еһӢгҖҒжҺ§еҲ¶з»“жһ„пјҢд»ҘеҸҠNumPyгҖҒPandasзӯүж•°жҚ®з§‘еӯҰеә“зҡ„е®һжҲҳеә”з”ЁгҖӮ');
INSERT INTO `course` VALUES (13, 'Webеә”з”ЁејҖеҸ‘', 'CS303', 3, 'жң¬иҜҫзЁӢи®Іи§ЈHTMLгҖҒCSSгҖҒJavaScriptеүҚз«ҜжҠҖжңҜпјҢд»ҘеҸҠServletгҖҒJSPгҖҒAjaxзӯүJava WebејҖеҸ‘зҡ„ж ёеҝғжҠҖжңҜгҖӮ');
INSERT INTO `course` VALUES (14, 'дәәе·ҘжҷәиғҪеҜји®ә', 'CS401', 3, 'жң¬иҜҫзЁӢд»Ӣз»Қдәәе·ҘжҷәиғҪзҡ„еҹәжң¬жҰӮеҝөгҖҒжңәеҷЁеӯҰд№ еҹәзЎҖгҖҒзҘһз»ҸзҪ‘з»ңеҺҹзҗҶпјҢд»ҘеҸҠж·ұеәҰеӯҰд№ еңЁеӣҫеғҸе’ҢиҜӯйҹійўҶеҹҹзҡ„еә”з”ЁгҖӮ');
INSERT INTO `course` VALUES (15, 'ж•°жҚ®жҢ–жҺҳдёҺеҲҶжһҗ', 'CS402', 3, 'жң¬иҜҫзЁӢж¶өзӣ–ж•°жҚ®йў„еӨ„зҗҶгҖҒеҲҶзұ»з®—жі•гҖҒиҒҡзұ»еҲҶжһҗгҖҒе…іиҒ”и§„еҲҷжҢ–жҺҳзӯүж•°жҚ®з§‘еӯҰж–№жі•пјҢд»ҘеҸҠеӨ§ж•°жҚ®еӨ„зҗҶжҠҖжңҜгҖӮ');
INSERT INTO `course` VALUES (16, 'дҝЎжҒҜе®үе…ЁеҹәзЎҖ', 'CS303', 3, 'жң¬иҜҫзЁӢд»Ӣз»ҚзҪ‘з»ңе®үе…ЁгҖҒеҜҶз ҒеӯҰеҹәзЎҖгҖҒе…ҘдҫөжЈҖжөӢгҖҒйҳІзҒ«еўҷжҠҖжңҜзӯүдҝЎжҒҜе®үе…ЁйўҶеҹҹзҡ„ж ёеҝғзҹҘиҜҶе’ҢйҳІжҠӨзӯ–з•ҘгҖӮ');
INSERT INTO `course` VALUES (17, 'дә‘и®Ўз®—дёҺеӨ§ж•°жҚ®', 'CS403', 3, 'жң¬иҜҫзЁӢи®Іи§Јдә‘и®Ўз®—зҡ„жһ¶жһ„дёҺеҺҹзҗҶгҖҒHadoopе’ҢSparkзӯүеӨ§ж•°жҚ®еӨ„зҗҶжЎҶжһ¶пјҢд»ҘеҸҠеҲҶеёғејҸеӯҳеӮЁе’Ңи®Ўз®—жҠҖжңҜгҖӮ');
INSERT INTO `course` VALUES (18, 'и®Ўз®—жңәеӣҫеҪўеӯҰ', 'CS304', 3, 'жң¬иҜҫзЁӢж¶өзӣ–еӣҫеҪўеӯҰзҡ„еҹәжң¬з®—жі•гҖҒеӣҫеҪўеҸҳжҚўгҖҒжёІжҹ“жҠҖжңҜпјҢд»ҘеҸҠOpenGLзј–зЁӢе’Ңдёүз»ҙеӣҫеҪўзҡ„з”ҹжҲҗж–№жі•гҖӮ');
INSERT INTO `course` VALUES (19, 'иҪҜд»¶жөӢиҜ•дёҺиҙЁйҮҸдҝқйҡң', 'CS305', 2, 'жң¬иҜҫзЁӢд»Ӣз»ҚиҪҜд»¶жөӢиҜ•зҡ„еҹәжң¬ж–№жі•гҖҒжөӢиҜ•з”ЁдҫӢи®ҫи®ЎгҖҒиҮӘеҠЁеҢ–жөӢиҜ•жЎҶжһ¶пјҢд»ҘеҸҠиҪҜд»¶иҙЁйҮҸиҜ„дј°дҪ“зі»гҖӮ');
INSERT INTO `course` VALUES (20, 'иҜҫзЁӢи®ҫи®Ў', 'CS401', 4, 'жң¬иҜҫзЁӢжҳҜдёҖй—Ёз»јеҗҲжҖ§е®һи·өиҜҫзЁӢпјҢиҰҒжұӮеӯҰз”ҹе®ҢжҲҗдёҖдёӘе®Ңж•ҙиҪҜд»¶йЎ№зӣ®зҡ„йңҖжұӮеҲҶжһҗгҖҒи®ҫи®ЎгҖҒзј–з Ғе’ҢжөӢиҜ•е·ҘдҪңгҖӮ');

-- ----------------------------
-- Table structure for course_evaluation
-- ----------------------------
DROP TABLE IF EXISTS `course_evaluation`;
CREATE TABLE `course_evaluation`  (
  `id` int NOT NULL AUTO_INCREMENT,
  `student_id` varchar(20) CHARACTER SET utf8mb4 COLLATE utf8mb4_unicode_ci NOT NULL,
  `student_name` varchar(50) CHARACTER SET utf8mb4 COLLATE utf8mb4_unicode_ci NOT NULL,
  `course_id` int NOT NULL,
  `course_name` varchar(100) CHARACTER SET utf8mb4 COLLATE utf8mb4_unicode_ci NOT NULL,
  `teacher_id` varchar(20) CHARACTER SET utf8mb4 COLLATE utf8mb4_unicode_ci NOT NULL,
  `rating` int NOT NULL,
  `content` text CHARACTER SET utf8mb4 COLLATE utf8mb4_unicode_ci NOT NULL,
  `teacher_evaluation` text CHARACTER SET utf8mb4 COLLATE utf8mb4_unicode_ci NULL,
  `evaluation_time` datetime NOT NULL,
  PRIMARY KEY (`id`) USING BTREE,
  UNIQUE INDEX `uk_student_course`(`student_id` ASC, `course_id` ASC) USING BTREE,
  INDEX `idx_course_id`(`course_id` ASC) USING BTREE,
  INDEX `idx_teacher_id`(`teacher_id` ASC) USING BTREE,
  INDEX `idx_course_teacher`(`course_id` ASC, `teacher_id` ASC) USING BTREE,
  CONSTRAINT `fk_course_evaluation_course` FOREIGN KEY (`course_id`) REFERENCES `course` (`id`) ON DELETE CASCADE ON UPDATE CASCADE,
  CONSTRAINT `fk_course_evaluation_student` FOREIGN KEY (`student_id`) REFERENCES `student` (`username`) ON DELETE CASCADE ON UPDATE CASCADE,
  CONSTRAINT `fk_course_evaluation_teacher` FOREIGN KEY (`teacher_id`) REFERENCES `teacher` (`username`) ON DELETE CASCADE ON UPDATE CASCADE
) ENGINE = InnoDB AUTO_INCREMENT = 2 CHARACTER SET = utf8mb4 COLLATE = utf8mb4_unicode_ci ROW_FORMAT = Dynamic;

-- ----------------------------
-- Records of course_evaluation
-- ----------------------------
INSERT INTO `course_evaluation` VALUES (1, '20240101001', 'еј жў“иҗұ', 1, 'CиҜӯиЁҖзЁӢеәҸи®ҫи®Ў', 'T2024001', 3, 'дёҚиҖ—', 'дёҚи®Өзңҹ', '2026-04-19 22:22:03');

-- ----------------------------
-- Table structure for course_selection
-- ----------------------------
DROP TABLE IF EXISTS `course_selection`;
CREATE TABLE `course_selection`  (
  `id` int NOT NULL AUTO_INCREMENT,
  `user_id` varchar(255) CHARACTER SET utf8mb3 COLLATE utf8mb3_general_ci NULL DEFAULT NULL,
  `user_name` varchar(255) CHARACTER SET utf8mb3 COLLATE utf8mb3_general_ci NULL DEFAULT NULL,
  `user_type` varchar(255) CHARACTER SET utf8mb3 COLLATE utf8mb3_general_ci NULL DEFAULT NULL,
  `course_id` varchar(255) CHARACTER SET utf8mb3 COLLATE utf8mb3_general_ci NULL DEFAULT NULL,
  `course_name` varchar(255) CHARACTER SET utf8mb3 COLLATE utf8mb3_general_ci NULL DEFAULT NULL,
  `status` int NULL DEFAULT NULL,
  `create_time` datetime NULL DEFAULT NULL,
  `teacher_id` varchar(255) CHARACTER SET utf8mb3 COLLATE utf8mb3_general_ci NULL DEFAULT NULL,
  `teacher_name` varchar(255) CHARACTER SET utf8mb3 COLLATE utf8mb3_general_ci NULL DEFAULT NULL,
  `teaching_class_id` int NULL DEFAULT NULL,
  `academic_year_id` int NULL DEFAULT NULL,
  `admin_class_id` int NULL DEFAULT NULL,
  PRIMARY KEY (`id`) USING BTREE,
  INDEX `idx_user_course`(`user_id` ASC, `course_id` ASC) USING BTREE
) ENGINE = InnoDB AUTO_INCREMENT = 15 CHARACTER SET = utf8mb3 COLLATE = utf8mb3_general_ci ROW_FORMAT = Dynamic;

-- ----------------------------
-- Records of course_selection
-- ----------------------------
INSERT INTO `course_selection` VALUES (10, '20240101001', 'еј жў“иҗұ', 'STUDENT', '1', 'CиҜӯиЁҖзЁӢеәҸи®ҫи®Ў', 1, '2026-04-19 20:07:56', 'T2024001', 'еј жҳҺ', NULL, NULL, NULL);
INSERT INTO `course_selection` VALUES (11, '20240101001', 'еј жў“иҗұ', 'STUDENT', '2', 'ж•°жҚ®з»“жһ„', 1, '2026-04-19 20:07:59', 'T2024002', 'жқҺеҚҺ', NULL, NULL, NULL);
INSERT INTO `course_selection` VALUES (12, '20240101001', 'еј жў“иҗұ', 'STUDENT', '5', 'зҰ»ж•Јж•°еӯҰ', 2, '2026-04-19 20:10:21', 'T2024008', 'еӯҷдёҪ', NULL, NULL, NULL);
INSERT INTO `course_selection` VALUES (13, '20240101001', 'еј жў“иҗұ', 'STUDENT', '11', 'и®Ўз®—жңәз»„жҲҗеҺҹзҗҶ', 2, '2026-04-19 20:10:29', 'T2024017', 'йғӯе»әеӣҪ', NULL, NULL, NULL);
INSERT INTO `course_selection` VALUES (14, '20240101001', 'еј жў“иҗұ', 'STUDENT', '14', 'дәәе·ҘжҷәиғҪеҜји®ә', 1, '2026-04-19 21:38:07', 'T2024001', 'еј жҳҺ', NULL, NULL, NULL);

-- ----------------------------
-- Table structure for course_teacher
-- ----------------------------
DROP TABLE IF EXISTS `course_teacher`;
CREATE TABLE `course_teacher`  (
  `id` int NOT NULL AUTO_INCREMENT COMMENT 'дё»й”®ID',
  `course_id` int NOT NULL COMMENT 'иҜҫзЁӢID',
  `teacher_id` varchar(255) CHARACTER SET utf8mb4 COLLATE utf8mb4_0900_ai_ci NOT NULL COMMENT 'ж•ҷеёҲе·ҘеҸ·',
  `teacher_name` varchar(255) CHARACTER SET utf8mb4 COLLATE utf8mb4_0900_ai_ci NULL DEFAULT NULL COMMENT 'ж•ҷеёҲе§“еҗҚ',
  `teaching_class_id` int NULL DEFAULT NULL COMMENT 'ж•ҷеӯҰзҸӯIDпјҲдёәз©әиЎЁзӨәиҜҫзЁӢйҖҡз”Ёж•ҷеёҲпјү',
  `is_main_teacher` int NULL DEFAULT 0 COMMENT 'жҳҜеҗҰдё»и®Іж•ҷеёҲпјҡ0-жҷ®йҖҡж•ҷеёҲпјҢ1-дё»и®Іж•ҷеёҲ',
  PRIMARY KEY (`id`) USING BTREE,
  INDEX `idx_course_id`(`course_id` ASC) USING BTREE,
  INDEX `idx_teacher_id`(`teacher_id` ASC) USING BTREE
) ENGINE = InnoDB AUTO_INCREMENT = 34 CHARACTER SET = utf8mb4 COLLATE = utf8mb4_0900_ai_ci COMMENT = 'иҜҫзЁӢж•ҷеёҲе…іиҒ”иЎЁ' ROW_FORMAT = Dynamic;

-- ----------------------------
-- Records of course_teacher
-- ----------------------------
INSERT INTO `course_teacher` VALUES (1, 1, 'T2024001', 'еј жҳҺ', NULL, 1);
INSERT INTO `course_teacher` VALUES (2, 1, 'T2024004', 'еҲҳиҠі', NULL, 1);
INSERT INTO `course_teacher` VALUES (3, 2, 'T2024002', 'жқҺеҚҺ', NULL, 1);
INSERT INTO `course_teacher` VALUES (4, 2, 'T2024005', 'йҷҲжҳҺдә®', NULL, 1);
INSERT INTO `course_teacher` VALUES (5, 3, 'T2024003', 'зҺӢејә', NULL, 1);
INSERT INTO `course_teacher` VALUES (6, 3, 'T2024006', 'иөөе°Ҹзәў', NULL, 1);
INSERT INTO `course_teacher` VALUES (7, 4, 'T2024007', 'й’ұе»әеӣҪ', NULL, 1);
INSERT INTO `course_teacher` VALUES (8, 5, 'T2024008', 'еӯҷдёҪ', NULL, 1);
INSERT INTO `course_teacher` VALUES (9, 6, 'T2024009', 'е‘Ёе»әеӣҪ', NULL, 1);
INSERT INTO `course_teacher` VALUES (10, 6, 'T2024010', 'еҗҙж•Ҹ', NULL, 1);
INSERT INTO `course_teacher` VALUES (11, 7, 'T2024011', 'йғ‘еҚҺ', NULL, 1);
INSERT INTO `course_teacher` VALUES (12, 8, 'T2024012', 'й»„дёҪ', NULL, 1);
INSERT INTO `course_teacher` VALUES (13, 8, 'T2024013', 'й©¬е»әеӣҪ', NULL, 1);
INSERT INTO `course_teacher` VALUES (14, 9, 'T2024014', 'жңұж•Ҹ', NULL, 1);
INSERT INTO `course_teacher` VALUES (15, 10, 'T2024015', 'иғЎеҚҺ', NULL, 1);
INSERT INTO `course_teacher` VALUES (16, 11, 'T2024016', 'жһ—дёҪ', NULL, 1);
INSERT INTO `course_teacher` VALUES (17, 11, 'T2024017', 'йғӯе»әеӣҪ', NULL, 1);
INSERT INTO `course_teacher` VALUES (18, 12, 'T2024018', 'жўҒж•Ҹ', NULL, 1);
INSERT INTO `course_teacher` VALUES (19, 13, 'T2024019', 'и°ўеҚҺ', NULL, 1);
INSERT INTO `course_teacher` VALUES (20, 14, 'T2024020', 'е®ӢдёҪ', NULL, 1);
INSERT INTO `course_teacher` VALUES (21, 14, 'T2024001', 'еј жҳҺ', NULL, 1);
INSERT INTO `course_teacher` VALUES (22, 15, 'T2024002', 'жқҺеҚҺ', NULL, 1);
INSERT INTO `course_teacher` VALUES (23, 16, 'T2024003', 'зҺӢејә', NULL, 1);
INSERT INTO `course_teacher` VALUES (24, 17, 'T2024004', 'еҲҳиҠі', NULL, 1);
INSERT INTO `course_teacher` VALUES (25, 18, 'T2024005', 'йҷҲжҳҺдә®', NULL, 1);
INSERT INTO `course_teacher` VALUES (26, 19, 'T2024006', 'иөөе°Ҹзәў', NULL, 1);
INSERT INTO `course_teacher` VALUES (27, 20, 'T2024007', 'й’ұе»әеӣҪ', NULL, 1);
INSERT INTO `course_teacher` VALUES (28, 20, 'T2024008', 'еӯҷдёҪ', NULL, 1);
INSERT INTO `course_teacher` VALUES (33, 11, 'T2024016', 'жһ—дёҪ', 5, 1);

-- ----------------------------
-- Table structure for course_withdrawal
-- ----------------------------
DROP TABLE IF EXISTS `course_withdrawal`;
CREATE TABLE `course_withdrawal`  (
  `id` int NOT NULL AUTO_INCREMENT,
  `student_id` varchar(20) CHARACTER SET utf8mb4 COLLATE utf8mb4_unicode_ci NULL DEFAULT NULL,
  `course_id` varchar(20) CHARACTER SET utf8mb4 COLLATE utf8mb4_unicode_ci NULL DEFAULT NULL,
  `teacher_id` varchar(20) CHARACTER SET utf8mb4 COLLATE utf8mb4_unicode_ci NULL DEFAULT NULL,
  `teacher_name` varchar(50) CHARACTER SET utf8mb4 COLLATE utf8mb4_unicode_ci NULL DEFAULT NULL,
  `teaching_class_id` int NULL DEFAULT NULL COMMENT 'ж•ҷеӯҰзҸӯID',
  `withdrawal_time` datetime NULL DEFAULT NULL,
  `reason` varchar(255) CHARACTER SET utf8mb4 COLLATE utf8mb4_unicode_ci NULL DEFAULT NULL,
  `status` int NULL DEFAULT 0,
  `reason_type` int NULL DEFAULT NULL COMMENT 'йҖҖиҜҫеҺҹеӣ зұ»еһӢпјҡ1-иҮӘж„ҝйҖҖиҜҫпјҢ2-дёҚеҸҠж јйҖҖиҜҫпјҢ3-е…¶д»–',
  PRIMARY KEY (`id`) USING BTREE
) ENGINE = InnoDB AUTO_INCREMENT = 2 CHARACTER SET = utf8mb4 COLLATE = utf8mb4_unicode_ci ROW_FORMAT = Dynamic;

-- ----------------------------
-- Records of course_withdrawal
-- ----------------------------
INSERT INTO `course_withdrawal` VALUES (1, '20240101001', '14', '', 'еј жҳҺ', NULL, '2026-04-19 21:46:51', 'йҖүй”ҷдәҶ', 1, NULL);

-- ----------------------------
-- Table structure for modify_request
-- ----------------------------
DROP TABLE IF EXISTS `modify_request`;
CREATE TABLE `modify_request`  (
  `id` int NOT NULL AUTO_INCREMENT,
  `user_id` varchar(255) CHARACTER SET utf8mb3 COLLATE utf8mb3_general_ci NULL DEFAULT NULL,
  `user_name` varchar(255) CHARACTER SET utf8mb3 COLLATE utf8mb3_general_ci NULL DEFAULT NULL,
  `user_type` varchar(255) CHARACTER SET utf8mb3 COLLATE utf8mb3_general_ci NULL DEFAULT NULL,
  `field_name` varchar(255) CHARACTER SET utf8mb3 COLLATE utf8mb3_general_ci NULL DEFAULT NULL,
  `old_value` varchar(255) CHARACTER SET utf8mb3 COLLATE utf8mb3_general_ci NULL DEFAULT NULL,
  `new_value` varchar(255) CHARACTER SET utf8mb3 COLLATE utf8mb3_general_ci NULL DEFAULT NULL,
  `status` int NULL DEFAULT NULL,
  `create_time` datetime NULL DEFAULT NULL,
  PRIMARY KEY (`id`) USING BTREE
) ENGINE = InnoDB AUTO_INCREMENT = 3 CHARACTER SET = utf8mb3 COLLATE = utf8mb3_general_ci ROW_FORMAT = Dynamic;

-- ----------------------------
-- Records of modify_request
-- ----------------------------
INSERT INTO `modify_request` VALUES (1, '20240101001', 'еј жў“иҗұ', 'STUDENT', 'avatar', '', 'http://localhost:9090/files/download/1776589631128-f9db561dbcc6f77c0e70a1208921b5.jpg', 1, '2026-04-19 17:07:12');
INSERT INTO `modify_request` VALUES (2, 'T2024001', 'еј жҳҺ', 'TEACHER', 'avatar', '', 'http://localhost:9090/files/download/1776596101549-0d19b52d7e475569095d0400858eec.jpg', 1, '2026-04-19 18:55:02');

-- ----------------------------
-- Table structure for student
-- ----------------------------
DROP TABLE IF EXISTS `student`;
CREATE TABLE `student`  (
  `id` int NOT NULL AUTO_INCREMENT COMMENT 'ID',
  `username` varchar(255) CHARACTER SET utf8mb4 COLLATE utf8mb4_unicode_ci NULL DEFAULT NULL COMMENT 'иҙҰеҸ·',
  `password` varchar(255) CHARACTER SET utf8mb4 COLLATE utf8mb4_unicode_ci NULL DEFAULT NULL COMMENT 'еҜҶз Ғ',
  `name` varchar(255) CHARACTER SET utf8mb4 COLLATE utf8mb4_unicode_ci NULL DEFAULT NULL COMMENT 'е§“еҗҚ',
  `avatar` varchar(255) CHARACTER SET utf8mb4 COLLATE utf8mb4_unicode_ci NULL DEFAULT NULL COMMENT 'еӨҙеғҸ',
  `age` varchar(255) CHARACTER SET utf8mb4 COLLATE utf8mb4_unicode_ci NULL DEFAULT NULL COMMENT 'е№ҙйҫ„',
  `gender` varchar(255) CHARACTER SET utf8mb4 COLLATE utf8mb4_unicode_ci NULL DEFAULT NULL COMMENT 'жҖ§еҲ«',
  `phone` varchar(255) CHARACTER SET utf8mb4 COLLATE utf8mb4_unicode_ci NULL DEFAULT NULL COMMENT 'з”өиҜқ',
  `profession` varchar(255) CHARACTER SET utf8mb4 COLLATE utf8mb4_unicode_ci NULL DEFAULT NULL COMMENT 'дё“дёҡ',
  `role` varchar(255) CHARACTER SET utf8mb4 COLLATE utf8mb4_unicode_ci NULL DEFAULT NULL COMMENT 'и§’иүІ',
  `status` int NULL DEFAULT 0 COMMENT 'е®Ўж ёзҠ¶жҖҒпјҡ0-еҫ…е®Ўж ёпјҢ1-е·ІйҖҡиҝҮпјҢ2-е·ІжӢ’з»қ',
  `email` varchar(255) CHARACTER SET utf8mb4 COLLATE utf8mb4_unicode_ci NULL DEFAULT NULL,
  PRIMARY KEY (`id`) USING BTREE,
  UNIQUE INDEX `username`(`username` ASC) USING BTREE
) ENGINE = InnoDB AUTO_INCREMENT = 23 CHARACTER SET = utf8mb4 COLLATE = utf8mb4_unicode_ci COMMENT = 'еӯҰз”ҹдҝЎжҒҜ' ROW_FORMAT = DYNAMIC;

-- ----------------------------
-- Records of student
-- ----------------------------
INSERT INTO `student` VALUES (1, '20240101001', '123456', 'еј жў“иҗұ', 'http://localhost:9090/files/download/1776589631128-f9db561dbcc6f77c0e70a1208921b5.jpg', '19', 'еҘі', '13812340001', 'и®Ўз®—жңәз§‘еӯҰдёҺжҠҖжңҜ', 'STUDENT', 1, 'zhangzx@sms.edu.cn');
INSERT INTO `student` VALUES (2, '20240101002', '123456', 'жқҺжө©з„¶', NULL, '19', 'з”·', '13812340002', 'и®Ўз®—жңәз§‘еӯҰдёҺжҠҖжңҜ', 'STUDENT', 1, 'lihr@sms.edu.cn');
INSERT INTO `student` VALUES (3, '20240101003', '123456', 'зҺӢжҖқзҗӘ', NULL, '19', 'еҘі', '13812340003', 'и®Ўз®—жңәз§‘еӯҰдёҺжҠҖжңҜ', 'STUDENT', 1, 'wangsq@sms.edu.cn');
INSERT INTO `student` VALUES (4, '20240102001', '123456', 'еҲҳеӯҗеўЁ', NULL, '19', 'з”·', '13812340004', 'иҪҜд»¶е·ҘзЁӢ', 'STUDENT', 1, 'liuzm@sms.edu.cn');
INSERT INTO `student` VALUES (5, '20240102002', '123456', 'йҷҲйӣЁиҗұ', NULL, '19', 'еҘі', '13812340005', 'иҪҜд»¶е·ҘзЁӢ', 'STUDENT', 1, 'chenyx@sms.edu.cn');
INSERT INTO `student` VALUES (6, '20240201001', '123456', 'иөөжҷЁжӣҰ', NULL, '19', 'з”·', '13812340006', 'зҪ‘з»ңе·ҘзЁӢ', 'STUDENT', 1, 'zhaocx@sms.edu.cn');
INSERT INTO `student` VALUES (7, '20240201002', '123456', 'е‘Ёйӣ…е©·', NULL, '19', 'еҘі', '13812340007', 'зҪ‘з»ңе·ҘзЁӢ', 'STUDENT', 1, 'zhouyt@sms.edu.cn');
INSERT INTO `student` VALUES (8, '20240301001', '123456', 'еҗҙдҝҠжқ°', NULL, '19', 'з”·', '13812340008', 'дҝЎжҒҜе®үе…Ё', 'STUDENT', 1, 'wujj@sms.edu.cn');
INSERT INTO `student` VALUES (9, '20240301002', '123456', 'йғ‘иҜ—ж¶ө', NULL, '19', 'еҘі', '13812340009', 'дҝЎжҒҜе®үе…Ё', 'STUDENT', 1, 'zhengsh@sms.edu.cn');
INSERT INTO `student` VALUES (10, '20240401001', '123456', 'еӯҷжө©з„¶', NULL, '19', 'з”·', '13812340010', 'ж•°жҚ®з§‘еӯҰ', 'STUDENT', 1, 'sunhr@sms.edu.cn');
INSERT INTO `student` VALUES (11, '20240401002', '123456', 'й»„жҖқиҝң', NULL, '19', 'з”·', '13812340011', 'ж•°жҚ®з§‘еӯҰ', 'STUDENT', 1, 'huangsy@sms.edu.cn');
INSERT INTO `student` VALUES (12, '20240402001', '123456', 'жһ—еҸҜж¬Ј', NULL, '19', 'еҘі', '13812340012', 'дәәе·ҘжҷәиғҪ', 'STUDENT', 1, 'linkx@sms.edu.cn');
INSERT INTO `student` VALUES (13, '20240402002', '123456', 'еҫҗеӯҗиҪ©', NULL, '19', 'з”·', '13812340013', 'дәәе·ҘжҷәиғҪ', 'STUDENT', 1, 'xuzx@sms.edu.cn');
INSERT INTO `student` VALUES (14, '20230101001', '123456', 'й©¬ж¬ЈжҖЎ', NULL, '21', 'еҘі', '13812340014', 'и®Ўз®—жңәз§‘еӯҰдёҺжҠҖжңҜ', 'STUDENT', 1, 'maxy@sms.edu.cn');
INSERT INTO `student` VALUES (15, '20230101002', '123456', 'жңұдҝҠиұӘ', NULL, '21', 'з”·', '13812340015', 'и®Ўз®—жңәз§‘еӯҰдёҺжҠҖжңҜ', 'STUDENT', 1, 'zhujh@sms.edu.cn');
INSERT INTO `student` VALUES (16, '20230102001', '123456', 'иғЎеӨҸжІ«', NULL, '21', 'еҘі', '13812340016', 'иҪҜд»¶е·ҘзЁӢ', 'STUDENT', 1, 'huxm@sms.edu.cn');
INSERT INTO `student` VALUES (17, '20230201001', '123456', 'йғӯе®ҮиҪ©', NULL, '21', 'з”·', '13812340017', 'зҪ‘з»ңе·ҘзЁӢ', 'STUDENT', 1, 'guoyx@sms.edu.cn');
INSERT INTO `student` VALUES (18, '20230201002', '123456', 'жўҒйӣ…йқҷ', NULL, '21', 'еҘі', '13812340018', 'зҪ‘з»ңе·ҘзЁӢ', 'STUDENT', 1, 'liangyj@sms.edu.cn');
INSERT INTO `student` VALUES (19, '20230301001', '123456', 'еҸ¶еҝ—иұӘ', NULL, '21', 'з”·', '13812340019', 'дҝЎжҒҜе®үе…Ё', 'STUDENT', 1, 'yezh@sms.edu.cn');
INSERT INTO `student` VALUES (20, '20230301002', '123456', 'еҶҜйӣӘзҗӘ', NULL, '21', 'еҘі', '13812340020', 'дҝЎжҒҜе®үе…Ё', 'STUDENT', 1, 'fengxq@sms.edu.cn');
INSERT INTO `student` VALUES (21, '20250101001', '123456', 'жқҺжўҰзҗӘ', NULL, '18', 'еҘі', '138123400021', 'и®Ўз®—жңәз§‘еӯҰдёҺжҠҖжңҜ', 'STUDENT', 1, NULL);
INSERT INTO `student` VALUES (22, '20250101002', '123456', 'зҺӢжө©з„¶', NULL, '18', 'з”·', '13812340022', 'и®Ўз®—жңәз§‘еӯҰдёҺжҠҖжңҜ', 'STUDENT', 1, NULL);

-- ----------------------------
-- Table structure for student_admin_class
-- ----------------------------
DROP TABLE IF EXISTS `student_admin_class`;
CREATE TABLE `student_admin_class`  (
  `id` int NOT NULL AUTO_INCREMENT COMMENT 'дё»й”®ID',
  `student_id` varchar(20) CHARACTER SET utf8mb4 COLLATE utf8mb4_0900_ai_ci NOT NULL COMMENT 'еӯҰеҸ·',
  `admin_class_id` int NOT NULL COMMENT 'иЎҢж”ҝзҸӯID',
  `enroll_year` varchar(10) CHARACTER SET utf8mb4 COLLATE utf8mb4_0900_ai_ci NOT NULL COMMENT 'е…ҘеӯҰе№ҙд»Ҫ',
  `status` int NULL DEFAULT 1 COMMENT 'зҠ¶жҖҒпјҡ1-еңЁиҜ»пјҢ2-дј‘еӯҰпјҢ3-йҖҖеӯҰпјҢ4-жҜ•дёҡ',
  PRIMARY KEY (`id`) USING BTREE,
  UNIQUE INDEX `uk_student_class`(`student_id` ASC, `admin_class_id` ASC) USING BTREE
) ENGINE = InnoDB AUTO_INCREMENT = 22 CHARACTER SET = utf8mb4 COLLATE = utf8mb4_0900_ai_ci COMMENT = 'еӯҰз”ҹиЎҢж”ҝзҸӯе…іиҒ”иЎЁ' ROW_FORMAT = Dynamic;

-- ----------------------------
-- Records of student_admin_class
-- ----------------------------
INSERT INTO `student_admin_class` VALUES (1, '20240101001', 1, '2024', 1);
INSERT INTO `student_admin_class` VALUES (2, '20240101002', 1, '2024', 1);
INSERT INTO `student_admin_class` VALUES (3, '20240101003', 1, '2024', 1);
INSERT INTO `student_admin_class` VALUES (4, '20240102001', 2, '2024', 1);
INSERT INTO `student_admin_class` VALUES (5, '20240102002', 2, '2024', 1);
INSERT INTO `student_admin_class` VALUES (6, '20240201001', 3, '2024', 1);
INSERT INTO `student_admin_class` VALUES (7, '20240201002', 3, '2024', 1);
INSERT INTO `student_admin_class` VALUES (8, '20240301001', 1, '2024', 1);
INSERT INTO `student_admin_class` VALUES (9, '20240301002', 1, '2024', 1);
INSERT INTO `student_admin_class` VALUES (10, '20240401001', 2, '2024', 1);
INSERT INTO `student_admin_class` VALUES (11, '20240401002', 2, '2024', 1);
INSERT INTO `student_admin_class` VALUES (12, '20240402001', 3, '2024', 1);
INSERT INTO `student_admin_class` VALUES (13, '20240402002', 3, '2024', 1);
INSERT INTO `student_admin_class` VALUES (14, '20230101001', 4, '2023', 1);
INSERT INTO `student_admin_class` VALUES (15, '20230101002', 4, '2023', 1);
INSERT INTO `student_admin_class` VALUES (16, '20230102001', 5, '2023', 1);
INSERT INTO `student_admin_class` VALUES (17, '20230201001', 5, '2023', 1);
INSERT INTO `student_admin_class` VALUES (18, '20230201002', 5, '2023', 1);
INSERT INTO `student_admin_class` VALUES (19, '20230301001', 4, '2023', 1);
INSERT INTO `student_admin_class` VALUES (20, '20230301002', 4, '2023', 1);
INSERT INTO `student_admin_class` VALUES (21, '20250101001', 9, '2025', 1);

-- ----------------------------
-- Table structure for student_course
-- ----------------------------
DROP TABLE IF EXISTS `student_course`;
CREATE TABLE `student_course`  (
  `id` int NOT NULL AUTO_INCREMENT,
  `student_id` varchar(255) CHARACTER SET utf8mb3 COLLATE utf8mb3_general_ci NULL DEFAULT NULL,
  `course_id` varchar(255) CHARACTER SET utf8mb3 COLLATE utf8mb3_general_ci NULL DEFAULT NULL,
  `teaching_class_id` int NULL DEFAULT NULL,
  `academic_year_id` int NULL DEFAULT NULL,
  `score` double NULL DEFAULT NULL COMMENT 'жҲҗз»©',
  `teacher_id` varchar(20) CHARACTER SET utf8mb3 COLLATE utf8mb3_general_ci NULL DEFAULT NULL,
  `teacher_name` varchar(50) CHARACTER SET utf8mb3 COLLATE utf8mb3_general_ci NULL DEFAULT NULL,
  `status` int NULL DEFAULT 1,
  `is_makeup` int NULL DEFAULT NULL,
  `original_score` double NULL DEFAULT NULL,
  PRIMARY KEY (`id`) USING BTREE,
  INDEX `idx_student_course`(`student_id` ASC, `course_id` ASC) USING BTREE
) ENGINE = InnoDB AUTO_INCREMENT = 10 CHARACTER SET = utf8mb3 COLLATE = utf8mb3_general_ci ROW_FORMAT = Dynamic;

-- ----------------------------
-- Records of student_course
-- ----------------------------
INSERT INTO `student_course` VALUES (7, '20240101001', '2', NULL, NULL, 59, 'T2024002', 'жқҺеҚҺ', 1, 0, NULL);
INSERT INTO `student_course` VALUES (8, '20240101001', '1', NULL, NULL, 85, 'T2024001', 'еј жҳҺ', 1, 0, NULL);

-- ----------------------------
-- Table structure for system_config
-- ----------------------------
DROP TABLE IF EXISTS `system_config`;
CREATE TABLE `system_config`  (
  `id` int NOT NULL AUTO_INCREMENT COMMENT 'дё»й”®ID',
  `config_key` varchar(255) CHARACTER SET utf8mb4 COLLATE utf8mb4_0900_ai_ci NOT NULL COMMENT 'й…ҚзҪ®й”®',
  `config_value` varchar(255) CHARACTER SET utf8mb4 COLLATE utf8mb4_0900_ai_ci NULL DEFAULT NULL COMMENT 'й…ҚзҪ®еҖј',
  `description` varchar(500) CHARACTER SET utf8mb4 COLLATE utf8mb4_0900_ai_ci NULL DEFAULT NULL COMMENT 'жҸҸиҝ°',
  PRIMARY KEY (`id`) USING BTREE,
  UNIQUE INDEX `uk_config_key`(`config_key` ASC) USING BTREE
) ENGINE = InnoDB AUTO_INCREMENT = 3 CHARACTER SET = utf8mb4 COLLATE = utf8mb4_0900_ai_ci COMMENT = 'зі»з»ҹй…ҚзҪ®иЎЁ' ROW_FORMAT = Dynamic;

-- ----------------------------
-- Records of system_config
-- ----------------------------
INSERT INTO `system_config` VALUES (1, 'course_selection_enabled', 'true', 'йҖүиҜҫеҠҹиғҪејҖе…іпјҡtrue-ејҖеҗҜпјҢfalse-е…ій—ӯ');
INSERT INTO `system_config` VALUES (2, 'teacher_score_entry_enabled', 'false', 'ж•ҷеёҲеҪ•е…ҘжҲҗз»©ејҖе…іпјҡtrue-ејҖеҗҜпјҢfalse-е…ій—ӯ');

-- ----------------------------
-- Table structure for teacher
-- ----------------------------
DROP TABLE IF EXISTS `teacher`;
CREATE TABLE `teacher`  (
  `id` int NOT NULL AUTO_INCREMENT COMMENT 'ID',
  `username` varchar(255) CHARACTER SET utf8mb4 COLLATE utf8mb4_unicode_ci NULL DEFAULT NULL COMMENT 'иҙҰеҸ·',
  `password` varchar(255) CHARACTER SET utf8mb4 COLLATE utf8mb4_unicode_ci NULL DEFAULT NULL COMMENT 'еҜҶз Ғ',
  `name` varchar(255) CHARACTER SET utf8mb4 COLLATE utf8mb4_unicode_ci NULL DEFAULT NULL COMMENT 'е§“еҗҚ',
  `avatar` varchar(255) CHARACTER SET utf8mb4 COLLATE utf8mb4_unicode_ci NULL DEFAULT NULL COMMENT 'еӨҙеғҸ',
  `gender` varchar(255) CHARACTER SET utf8mb4 COLLATE utf8mb4_unicode_ci NULL DEFAULT NULL COMMENT 'жҖ§еҲ«',
  `phone` varchar(255) CHARACTER SET utf8mb4 COLLATE utf8mb4_unicode_ci NULL DEFAULT NULL COMMENT 'з”өиҜқ',
  `role` varchar(255) CHARACTER SET utf8mb4 COLLATE utf8mb4_unicode_ci NULL DEFAULT NULL COMMENT 'и§’иүІ',
  `status` int NULL DEFAULT 0 COMMENT 'е®Ўж ёзҠ¶жҖҒпјҡ0-еҫ…е®Ўж ёпјҢ1-е·ІйҖҡиҝҮпјҢ2-е·ІжӢ’з»қ',
  `email` varchar(255) CHARACTER SET utf8mb4 COLLATE utf8mb4_unicode_ci NULL DEFAULT NULL,
  PRIMARY KEY (`id`) USING BTREE,
  UNIQUE INDEX `username`(`username` ASC) USING BTREE
) ENGINE = InnoDB AUTO_INCREMENT = 21 CHARACTER SET = utf8mb4 COLLATE = utf8mb4_unicode_ci COMMENT = 'ж•ҷеёҲдҝЎжҒҜ' ROW_FORMAT = DYNAMIC;

-- ----------------------------
-- Records of teacher
-- ----------------------------
INSERT INTO `teacher` VALUES (1, 'T2024001', '123456789ok', 'еј жҳҺ', 'http://localhost:9090/files/download/1776596101549-0d19b52d7e475569095d0400858eec.jpg', 'з”·', '13912341001', 'TEACHER', 1, 'zhangming@cs.edu.cn');
INSERT INTO `teacher` VALUES (2, 'T2024002', '123456', 'жқҺеҚҺ', NULL, 'еҘі', '13912341002', 'TEACHER', 1, 'lihua@cs.edu.cn');
INSERT INTO `teacher` VALUES (3, 'T2024003', '123456', 'зҺӢејә', NULL, 'з”·', '13912341003', 'TEACHER', 1, 'wangqiang@cs.edu.cn');
INSERT INTO `teacher` VALUES (4, 'T2024004', '123456', 'еҲҳиҠі', NULL, 'еҘі', '13912341004', 'TEACHER', 1, 'liufang@cs.edu.cn');
INSERT INTO `teacher` VALUES (5, 'T2024005', '123456', 'йҷҲжҳҺдә®', NULL, 'з”·', '13912341005', 'TEACHER', 1, 'chenmingliang@cs.edu.cn');
INSERT INTO `teacher` VALUES (6, 'T2024006', '123456', 'иөөе°Ҹзәў', NULL, 'еҘі', '13912341006', 'TEACHER', 1, 'zhaoxiaohong@cs.edu.cn');
INSERT INTO `teacher` VALUES (7, 'T2024007', '123456', 'й’ұе»әеӣҪ', NULL, 'з”·', '13912341007', 'TEACHER', 1, 'qianjianguo@cs.edu.cn');
INSERT INTO `teacher` VALUES (8, 'T2024008', '123456', 'еӯҷдёҪ', NULL, 'еҘі', '13912341008', 'TEACHER', 1, 'sunli@cs.edu.cn');
INSERT INTO `teacher` VALUES (9, 'T2024009', '123456', 'е‘Ёе»әеӣҪ', NULL, 'з”·', '13912341009', 'TEACHER', 1, 'zhoujianguo@cs.edu.cn');
INSERT INTO `teacher` VALUES (10, 'T2024010', '123456', 'еҗҙж•Ҹ', NULL, 'еҘі', '13912341010', 'TEACHER', 1, 'wumin@cs.edu.cn');
INSERT INTO `teacher` VALUES (11, 'T2024011', '123456', 'йғ‘еҚҺ', NULL, 'з”·', '13912341011', 'TEACHER', 1, 'zhenghua@cs.edu.cn');
INSERT INTO `teacher` VALUES (12, 'T2024012', '123456', 'й»„дёҪ', NULL, 'еҘі', '13912341012', 'TEACHER', 1, 'huangli@cs.edu.cn');
INSERT INTO `teacher` VALUES (13, 'T2024013', '123456', 'й©¬е»әеӣҪ', NULL, 'з”·', '13912341013', 'TEACHER', 1, 'majiguo@cs.edu.cn');
INSERT INTO `teacher` VALUES (14, 'T2024014', '123456', 'жңұж•Ҹ', NULL, 'еҘі', '13912341014', 'TEACHER', 1, 'zhumin@cs.edu.cn');
INSERT INTO `teacher` VALUES (15, 'T2024015', '123456', 'иғЎеҚҺ', NULL, 'з”·', '13912341015', 'TEACHER', 1, 'huhua@cs.edu.cn');
INSERT INTO `teacher` VALUES (16, 'T2024016', '123456', 'жһ—дёҪ', NULL, 'еҘі', '13912341016', 'TEACHER', 1, 'linli@cs.edu.cn');
INSERT INTO `teacher` VALUES (17, 'T2024017', '123456', 'йғӯе»әеӣҪ', NULL, 'з”·', '13912341017', 'TEACHER', 1, 'guojianguo@cs.edu.cn');
INSERT INTO `teacher` VALUES (18, 'T2024018', '123456', 'жўҒж•Ҹ', NULL, 'еҘі', '13912341018', 'TEACHER', 1, 'liangmin@cs.edu.cn');
INSERT INTO `teacher` VALUES (19, 'T2024019', '123456', 'и°ўеҚҺ', NULL, 'з”·', '13912341019', 'TEACHER', 1, 'xiehua@cs.edu.cn');
INSERT INTO `teacher` VALUES (20, 'T2024020', '123456', 'е®ӢдёҪ', NULL, 'еҘі', '13912341020', 'TEACHER', 1, 'songli@cs.edu.cn');

-- ----------------------------
-- Table structure for teaching_class
-- ----------------------------
DROP TABLE IF EXISTS `teaching_class`;
CREATE TABLE `teaching_class`  (
  `id` int NOT NULL AUTO_INCREMENT COMMENT 'дё»й”®ID',
  `class_code` varchar(50) CHARACTER SET utf8mb4 COLLATE utf8mb4_0900_ai_ci NOT NULL COMMENT 'ж•ҷеӯҰзҸӯзј–еҸ·пјҢеҰӮ CS101-2024-1-01',
  `course_id` int NOT NULL COMMENT 'е…іиҒ”иҜҫзЁӢID',
  `academic_year_id` int NOT NULL COMMENT 'е…іиҒ”еӯҰе№ҙеӯҰжңҹID',
  `capacity` int NULL DEFAULT 50 COMMENT 'е®№йҮҸ',
  `selected_count` int NULL DEFAULT 0 COMMENT 'е·ІйҖүдәәж•°',
  `location` varchar(100) CHARACTER SET utf8mb4 COLLATE utf8mb4_0900_ai_ci NULL DEFAULT NULL COMMENT 'дёҠиҜҫең°зӮ№',
  `schedule` varchar(200) CHARACTER SET utf8mb4 COLLATE utf8mb4_0900_ai_ci NULL DEFAULT NULL COMMENT 'дёҠиҜҫж—¶й—ҙпјҢеҰӮ е‘ЁдёҖ 3-4иҠӮ',
  `status` int NULL DEFAULT 1 COMMENT 'зҠ¶жҖҒпјҡ0-жңӘејҖеҗҜпјҢ1-е·ІејҖеҗҜпјҢ2-е·Із»“жқҹ',
  PRIMARY KEY (`id`) USING BTREE,
  UNIQUE INDEX `uk_class_code`(`class_code` ASC) USING BTREE
) ENGINE = InnoDB AUTO_INCREMENT = 6 CHARACTER SET = utf8mb4 COLLATE = utf8mb4_0900_ai_ci COMMENT = 'ж•ҷеӯҰзҸӯиЎЁ' ROW_FORMAT = Dynamic;

-- ----------------------------
-- Records of teaching_class
-- ----------------------------
INSERT INTO `teaching_class` VALUES (5, 'CS104-2024-1-01', 11, 1, 45, 0, 'D402', 'е‘Ёдә” 1-2иҠӮ', 1);

SET FOREIGN_KEY_CHECKS = 1;
